Record Type,Sr No,Name of Security, Type of Security, Quantity Traded,Deliverable Quantity(gross across client level),% of Deliverable Quantity to Traded Quantity
20,1,1003GS2019,GS,2,0,0.00
20,2,20MICRONS,EQ,21920,13422,61.23
20,3,21STCENMGM,EQ,1369,1369,100.00
20,4,3IINFOTECH,EQ,1654995,840841,50.81
20,5,3MINDIA,EQ,1270,1060,83.46
20,6,3PLAND,EQ,861,682,79.21
20,7,5PAISA,EQ,2543,1825,71.77
20,8,63MOONS,EQ,170269,57238,33.62
20,9,8KMILES,EQ,552825,203048,36.73
20,10,A2ZINFRA,EQ,118565,92338,77.88
20,11,AARON,SM,3000,3000,100.00
20,12,AARTIDRUGS,EQ,11255,8030,71.35
20,13,AARTIIND,EQ,37009,20125,54.38
20,14,AARVEEDEN,EQ,2502,1530,61.15
20,15,AARVI,SM,2000,2000,100.00
20,16,AAVAS,EQ,20406,18333,89.84
20,17,ABAN,EQ,321734,68396,21.26
20,18,ABB,EQ,97864,44900,45.88
20,19,ABBOTINDIA,EQ,2057,1078,52.41
20,20,ABCAPITAL,EQ,5545273,4418485,79.68
20,21,ABFRL,EQ,659499,309254,46.89
20,22,ABSLNN50ET,EQ,6,6,100.00
20,23,ACC,EQ,568663,151772,26.69
20,24,ACCELYA,EQ,53805,45555,84.67
20,25,ACCURACY,SM,1600,1600,100.00
20,26,ACE,EQ,110970,72796,65.60
20,27,ADANIENT,EQ,7091209,2949171,41.59
20,28,ADANIGAS,EQ,285635,156270,54.71
20,29,ADANIGREEN,EQ,352935,179412,50.83
20,30,ADANIPORTS,EQ,3119675,908459,29.12
20,31,ADANIPOWER,EQ,11033520,1708349,15.48
20,32,ADANITRANS,EQ,85059,54513,64.09
20,33,ADFFOODS,EQ,40555,18250,45.00
20,34,ADHUNIK,EQ,24740,20740,83.83
20,35,ADHUNIKIND,EQ,36242,7292,20.12
20,36,ADLABS,EQ,59789,34898,58.37
20,37,ADORWELD,EQ,5139,3138,61.06
20,38,ADROITINFO,EQ,2707,2008,74.18
20,39,ADSL,EQ,7205,7180,99.65
20,40,ADVANIHOTR,EQ,12447,7115,57.16
20,41,ADVENZYMES,EQ,32811,20052,61.11
20,42,AEGISCHEM,EQ,365778,238915,65.32
20,43,AGARIND,EQ,1831,1552,84.76
20,44,AGCNET,EQ,14284,12211,85.49
20,45,AGLSL,EQ,1166,1139,97.68
20,46,AGRITECH,EQ,12647,10749,84.99
20,47,AGROPHOS,SM,66000,30000,45.45
20,48,AHLEAST,EQ,167,121,72.46
20,49,AHLUCONT,EQ,17189,10218,59.44
20,50,AHLWEST,EQ,6285,3799,60.45
20,51,AIAENG,EQ,11876,7091,59.71
20,52,AIFL,EQ,158925,92960,58.49
20,53,AIONJSW,EQ,25603,21312,83.24
20,54,AIRAN,SM,10000,7500,75.00
20,55,AJANTPHARM,EQ,801470,151403,18.89
20,56,AJMERA,EQ,496123,98423,19.84
20,57,AJOONI,SM,68000,8000,11.76
20,58,AKG,SM,48000,48000,100.00
20,59,AKSHARCHEM,EQ,8504,4837,56.88
20,60,AKSHOPTFBR,EQ,864694,177739,20.56
20,61,AKZOINDIA,EQ,3455,1758,50.88
20,62,ALANKIT,EQ,663507,148131,22.33
20,63,ALBERTDAVD,EQ,1973,1242,62.95
20,64,ALBK,EQ,4853011,912476,18.80
20,65,ALEMBICLTD,EQ,94248,64104,68.02
20,66,ALICON,EQ,1898,1211,63.80
20,67,ALKALI,EQ,4798,3351,69.84
20,68,ALKEM,EQ,8300,3117,37.55
20,69,ALKYLAMINE,EQ,9843,7666,77.88
20,70,ALLCARGO,EQ,43290,27977,64.63
20,71,ALLSEC,EQ,11437,9766,85.39
20,72,ALMONDZ,EQ,2507,1296,51.70
20,73,ALOKTEXT,EQ,2210097,1166410,52.78
20,74,ALPA,EQ,9764,5463,55.95
20,75,ALPHAGEO,EQ,10895,6622,60.78
20,76,AMARAJABAT,EQ,473123,213874,45.20
20,77,AMBER,EQ,7097,4495,63.34
20,78,AMBIKCO,EQ,1167,862,73.86
20,79,AMBUJACEM,EQ,3350137,1810926,54.06
20,80,AMDIND,EQ,1482,1311,88.46
20,81,AMJLAND,EQ,13817,8586,62.14
20,82,AMJUMBO,SM,12000,4000,33.33
20,83,AMRUTANJAN,EQ,15798,8039,50.89
20,84,ANANTRAJ,EQ,377415,166440,44.10
20,85,ANDHRABANK,EQ,858446,356112,41.48
20,86,ANDHRACEMT,EQ,41398,25522,61.65
20,87,ANDHRSUGAR,EQ,9250,6408,69.28
20,88,ANIKINDS,EQ,8467,5735,67.73
20,89,ANSALAPI,EQ,591091,181517,30.71
20,90,ANSALHSG,EQ,859825,166060,19.31
20,91,APARINDS,EQ,20976,20072,95.69
20,92,APCL,EQ,4169,2279,54.67
20,93,APCOTEXIND,EQ,3824,2346,61.35
20,94,APEX,EQ,495598,99834,20.14
20,95,APLAPOLLO,EQ,7307,4530,62.00
20,96,APLLTD,EQ,23201,15724,67.77
20,97,APOLLO,EQ,33487,19930,59.52
20,98,APOLLOHOSP,EQ,530789,181492,34.19
20,99,APOLLOTYRE,EQ,1670882,405836,24.29
20,100,APTECHT,EQ,424655,70381,16.57
20,101,ARCHIDPLY,EQ,7883,6029,76.48
20,102,ARCHIES,EQ,47219,24566,52.03
20,103,ARCOTECH,EQ,191089,110128,57.63
20,104,ARIES,EQ,59881,21716,36.27
20,105,ARIHANT,EQ,1744,604,34.63
20,106,ARIHANTSUP,EQ,21272,3991,18.76
20,107,ARMANFIN,EQ,2918,2405,82.42
20,108,AROGRANITE,EQ,8613,3665,42.55
20,109,ARROWTEX,EQ,10740,8596,80.04
20,110,ARSHIYA,EQ,49488,23174,46.83
20,111,ARSSINFRA,EQ,8265,3933,47.59
20,112,ARVIND,EQ,1493066,367805,24.63
20,113,ARVSMART,EQ,36071,22060,61.16
20,114,ASAHIINDIA,EQ,17119,13759,80.37
20,115,ASAHISONG,EQ,1953,1559,79.83
20,116,ASAL,EQ,1773,1146,64.64
20,117,ASHAPURMIN,EQ,23412,17232,73.60
20,118,ASHIANA,EQ,55179,37792,68.49
20,119,ASHOKA,EQ,166368,93769,56.36
20,120,ASHOKLEY,EQ,65021097,16970728,26.10
20,121,ASIANHOTNR,EQ,362,332,91.71
20,122,ASIANPAINT,EQ,2077539,1073001,51.65
20,123,ASIANTILES,EQ,70597,34400,48.73
20,124,ASLIND,SM,8000,0,0.00
20,125,ASPINWALL,EQ,1067,1038,97.28
20,126,ASSAMCO,EQ,246326,162494,65.97
20,127,ASTEC,EQ,7841,4500,57.39
20,128,ASTERDM,EQ,26189,19382,74.01
20,129,ASTRAL,EQ,37427,18406,49.18
20,130,ASTRAMICRO,EQ,78925,33560,42.52
20,131,ASTRAZEN,EQ,7075,5680,80.28
20,132,ASTRON,EQ,115361,64834,56.20
20,133,ATFL,EQ,25428,9721,38.23
20,134,ATLANTA,EQ,90369,12187,13.49
20,135,ATUL,EQ,5512,2924,53.05
20,136,ATULAUTO,EQ,40458,13549,33.49
20,137,AUBANK,EQ,263192,194099,73.75
20,138,AURIONPRO,EQ,15938,10273,64.46
20,139,AUROPHARMA,EQ,1212130,306711,25.30
20,140,AUSOMENT,EQ,5876,5008,85.23
20,141,AUTOAXLES,EQ,28592,12932,45.23
20,142,AUTOIND,EQ,25396,17860,70.33
20,143,AUTOLITIND,EQ,3384,1458,43.09
20,144,AVADHSUGAR,EQ,10314,5171,50.14
20,145,AVANTIFEED,EQ,1891549,268505,14.19
20,146,AVTNPL,EQ,45513,20801,45.70
20,147,AXISBANK,EQ,13792059,6105419,44.27
20,148,AXISCADES,EQ,24466,15803,64.59
20,149,AXISGOLD,EQ,711,615,86.50
20,150,AXISNIFTY,EQ,2,2,100.00
20,151,AYMSYNTEX,EQ,39205,22532,57.47
20,152,BAFNAPHARM,EQ,5806,3923,67.57
20,153,BAGFILMS,EQ,89203,48562,54.44
20,154,BAJAJ-AUTO,EQ,1028186,275118,26.76
20,155,BAJAJCON,EQ,27699,20646,74.54
20,156,BAJAJELEC,EQ,158772,68910,43.40
20,157,BAJAJFINSV,EQ,311984,90120,28.89
20,158,BAJAJHIND,EQ,2365742,826185,34.92
20,159,BAJAJHLDNG,EQ,16406,11983,73.04
20,160,BAJFINANCE,EQ,2117768,461799,21.81
20,161,BALAJITELE,EQ,111945,31554,28.19
20,162,BALAMINES,EQ,70430,61309,87.05
20,163,BALKRISHNA,EQ,2295,1516,66.06
20,164,BALKRISIND,EQ,533172,168896,31.68
20,165,BALLARPUR,EQ,434344,299364,68.92
20,166,BALMLAWRIE,EQ,24264,12964,53.43
20,167,BALPHARMA,EQ,9881,7926,80.21
20,168,BALRAMCHIN,EQ,1158751,415814,35.88
20,169,BANARBEADS,EQ,3253,1065,32.74
20,170,BANARISUG,EQ,132,114,86.36
20,171,BANCOINDIA,EQ,14593,10300,70.58
20,172,BANDHANBNK,EQ,1216281,727133,59.78
20,173,BANG,EQ,66207,24570,37.11
20,174,BANKBARODA,EQ,16494373,4419450,26.79
20,175,BANKBEES,EQ,41607,39852,95.78
20,176,BANKINDIA,EQ,25180357,2605938,10.35
20,177,BANSAL,SM,3000,3000,100.00
20,178,BANSWRAS,EQ,2002,1255,62.69
20,179,BARTRONICS,EQ,11944,9423,78.89
20,180,BASF,EQ,3474,2064,59.41
20,181,BASML,EQ,228,225,98.68
20,182,BATAINDIA,EQ,447755,90193,20.14
20,183,BAYERCROP,EQ,4471,3276,73.27
20,184,BBL,EQ,2815,1166,41.42
20,185,BBTC,EQ,66041,19439,29.43
20,186,BCG,EQ,373538,211564,56.64
20,187,BDL,EQ,14481,7931,54.77
20,188,BEARDSELL,EQ,1207,1003,83.10
20,189,BEDMUTHA,EQ,1182,772,65.31
20,190,BEL,EQ,9737752,2673860,27.46
20,191,BEML,EQ,1652856,80807,4.89
20,192,BEPL,EQ,426245,172159,40.39
20,193,BERGEPAINT,EQ,973395,190169,19.54
20,194,BETA,SM,800,800,100.00
20,195,BFINVEST,EQ,52626,17118,32.53
20,196,BFUTILITIE,EQ,242094,55689,23.00
20,197,BGRENERGY,EQ,46045,27630,60.01
20,198,BHAGERIA,EQ,16203,9404,58.04
20,199,BHAGYANGR,EQ,1455,1252,86.05
20,200,BHAGYAPROP,EQ,3520,3300,93.75
20,201,BHANDARI,EQ,74001,58332,78.83
20,202,BHARATFIN,EQ,448069,218811,48.83
20,203,BHARATFORG,EQ,1723141,404108,23.45
20,204,BHARATGEAR,EQ,10154,4543,44.74
20,205,BHARATRAS,EQ,14408,5871,40.75
20,206,BHARATWIRE,EQ,27382,22167,80.95
20,207,BHARTIARTL,EQ,8331159,1078233,12.94
20,208,BHEL,EQ,6031620,1089175,18.06
20,209,BIGBLOC,EQ,3795,3027,79.76
20,210,BIL,EQ,2030,1425,70.20
20,211,BINANIIND,EQ,46626,24616,52.79
20,212,BINDALAGRO,EQ,28960,14722,50.84
20,213,BIOCON,EQ,1520377,497293,32.71
20,214,BIRLACABLE,EQ,75247,33296,44.25
20,215,BIRLACORPN,EQ,36078,16967,47.03
20,216,BKMINDST,EQ,9807,7107,72.47
20,217,BLBLIMITED,EQ,6797,2494,36.69
20,218,BLISSGVS,EQ,11587500,9534256,82.28
20,219,BLKASHYAP,EQ,105103,72631,69.10
20,220,BLS,EQ,18912,14229,75.24
20,221,BLUEBLENDS,EQ,5877,3776,64.25
20,222,BLUEDART,EQ,2027,1024,50.52
20,223,BLUEDART,N3,155,155,100.00
20,224,BLUESTARCO,EQ,16742,11048,65.99
20,225,BODALCHEM,EQ,51570,26443,51.28
20,226,BOHRA,SM,2000,2000,100.00
20,227,BOMDYEING,EQ,1515447,525666,34.69
20,228,BOROSIL,EQ,25442,15832,62.23
20,229,BOSCHLTD,EQ,14994,5824,38.84
20,230,BPCL,EQ,2722370,1215420,44.65
20,231,BPL,EQ,92773,38057,41.02
20,232,BRFL,EQ,44339,34844,78.59
20,233,BRIGADE,EQ,90699,41428,45.68
20,234,BRITANNIA,EQ,387188,209493,54.11
20,235,BRNL,EQ,6835,1074,15.71
20,236,BROOKS,EQ,8328,6045,72.59
20,237,BSE,EQ,40285,20278,50.34
20,238,BSELINFRA,EQ,35823,22213,62.01
20,239,BSHSL,SM,1000,1000,100.00
20,240,BSL,EQ,3204,2283,71.25
20,241,BSLGOLDETF,EQ,144,139,96.53
20,242,BSLNIFTY,EQ,1116,1000,89.61
20,243,BURNPUR,EQ,73264,61338,83.72
20,244,BUTTERFLY,EQ,17741,9842,55.48
20,245,BYKE,EQ,100592,64449,64.07
20,246,CADILAHC,EQ,657757,215683,32.79
20,247,CALSOFT,EQ,4558,3088,67.75
20,248,CAMLINFINE,EQ,192879,86462,44.83
20,249,CANBK,EQ,5884645,631407,10.73
20,250,CANDC,EQ,12078,7042,58.30
20,251,CANFINHOME,EQ,1578799,202444,12.82
20,252,CANTABIL,EQ,27852,9472,34.01
20,253,CAPACITE,EQ,37681,19996,53.07
20,254,CAPLIPOINT,EQ,26363,15613,59.22
20,255,CARBORUNIV,EQ,24363,15487,63.57
20,256,CAREERP,EQ,4622,4101,88.73
20,257,CARERATING,EQ,48978,39209,80.05
20,258,CASTEXTECH,EQ,641341,490794,76.53
20,259,CASTROLIND,EQ,1136674,462002,40.65
20,260,CCCL,EQ,140885,97362,69.11
20,261,CCHHL,EQ,16372,9904,60.49
20,262,CCL,EQ,22769,19545,85.84
20,263,CDSL,EQ,74932,46505,62.06
20,264,CEATLTD,EQ,724235,109481,15.12
20,265,CELEBRITY,EQ,6668,4839,72.57
20,266,CELESTIAL,EQ,22280,15063,67.61
20,267,CENTENKA,EQ,17393,15021,86.36
20,268,CENTEXT,EQ,140375,93596,66.68
20,269,CENTRALBK,EQ,255198,114644,44.92
20,270,CENTRUM,EQ,1261927,1045642,82.86
20,271,CENTUM,EQ,333,198,59.46
20,272,CENTURYPLY,EQ,93493,40012,42.80
20,273,CENTURYTEX,EQ,413461,41806,10.11
20,274,CERA,EQ,6709,3336,49.72
20,275,CEREBRAINT,EQ,263566,190883,72.42
20,276,CES1RPG,MF,16000,16000,100.00
20,277,CESC,EQ,203538,66229,32.54
20,278,CGCL,EQ,734176,369384,50.31
20,279,CGPOWER,EQ,3803200,634477,16.68
20,280,CHAMBLFERT,EQ,900513,439103,48.76
20,281,CHEMFAB,EQ,17851,3806,21.32
20,282,CHENNPETRO,EQ,252838,83045,32.85
20,283,CHOLAFIN,EQ,663420,205188,30.93
20,284,CIGNITITEC,EQ,29546,24633,83.37
20,285,CIMMCO,EQ,9681,7416,76.60
20,286,CINELINE,EQ,20514,9769,47.62
20,287,CINEVISTA,EQ,1238,1198,96.77
20,288,CIPLA,EQ,1380838,627122,45.42
20,289,CLEDUCATE,EQ,83715,74717,89.25
20,290,CLNINDIA,EQ,7943,5461,68.75
20,291,CMICABLES,EQ,20451,11436,55.92
20,292,CMMIPL,SM,3000,3000,100.00
20,293,CNOVAPETRO,EQ,349,245,70.20
20,294,COALINDIA,EQ,2820146,1474750,52.29
20,295,COCHINSHIP,EQ,38293,23257,60.73
20,296,COFFEEDAY,EQ,48426,39888,82.37
20,297,COLPAL,EQ,481876,216770,44.98
20,298,COMPINFO,EQ,42875,39100,91.20
20,299,COMPUSOFT,EQ,15359,9408,61.25
20,300,CONCOR,EQ,780833,384159,49.20
20,301,CONSOFINVT,EQ,838,364,43.44
20,302,CONTROLPR,EQ,8691,5783,66.54
20,303,CORALFINAC,EQ,7746,7572,97.75
20,304,CORDSCABLE,EQ,6920,5637,81.46
20,305,COROMANDEL,EQ,215902,106175,49.18
20,306,CORPBANK,EQ,179820,86406,48.05
20,307,COSMOFILMS,EQ,19958,13321,66.75
20,308,COUNCODOS,EQ,37203,24902,66.94
20,309,COX&KINGS,EQ,35744,19659,55.00
20,310,CPSEETF,EQ,29353720,28945028,98.61
20,311,CREATIVE,SM,1600,1600,100.00
20,312,CREATIVEYE,EQ,100,100,100.00
20,313,CREDITACC,EQ,96991,64147,66.14
20,314,CREST,EQ,12043,4514,37.48
20,315,CRISIL,EQ,9488,8019,84.52
20,316,CRMFGETF,EQ,69,68,98.55
20,317,CROMPTON,EQ,2063385,1855310,89.92
20,318,CTE,EQ,3857,2790,72.34
20,319,CUB,EQ,1712175,1538975,89.88
20,320,CUBEXTUB,EQ,1619,1409,87.03
20,321,CUMMINSIND,EQ,478554,338542,70.74
20,322,CUPID,EQ,13827,10174,73.58
20,323,CYBERMEDIA,EQ,12,12,100.00
20,324,CYBERTECH,EQ,7611,6991,91.85
20,325,CYIENT,EQ,32686,13767,42.12
20,326,DAAWAT,EQ,513558,212655,41.41
20,327,DABUR,EQ,6034606,1599691,26.51
20,328,DALMIASUG,EQ,68138,31822,46.70
20,329,DAMODARIND,EQ,6837,4826,70.59
20,330,DATAMATICS,EQ,55157,32397,58.74
20,331,DBCORP,EQ,62644,42828,68.37
20,332,DBL,EQ,194286,66574,34.27
20,333,DCAL,EQ,45006,33313,74.02
20,334,DCBBANK,EQ,1214209,240492,19.81
20,335,DCM,EQ,5485,3496,63.74
20,336,DCMSHRIRAM,EQ,53312,22797,42.76
20,337,DCW,EQ,161078,32580,20.23
20,338,DECCANCE,EQ,242,219,90.50
20,339,DEEPAKFERT,EQ,1220540,464725,38.08
20,340,DEEPAKNTR,EQ,206183,104429,50.65
20,341,DEEPIND,EQ,9704,5550,57.19
20,342,DELTACORP,EQ,485039,196948,40.60
20,343,DELTAMAGNT,EQ,557,527,94.61
20,344,DEN,EQ,1713095,1309770,76.46
20,345,DENABANK,EQ,1793897,952485,53.10
20,346,DENORA,EQ,2110,1071,50.76
20,347,DEVIT,SM,3000,3000,100.00
20,348,DFMFOODS,EQ,6784,6314,93.07
20,349,DHAMPURSUG,EQ,250524,80551,32.15
20,350,DHANBANK,EQ,218771,149548,68.36
20,351,DHANUKA,EQ,29800,16815,56.43
20,352,DHARSUGAR,EQ,5213,4176,80.11
20,353,DHFL,EQ,94989171,10620426,11.18
20,354,DHFL,N2,221,221,100.00
20,355,DHFL,N4,20,13,65.00
20,356,DHFL,N6,805,752,93.42
20,357,DHFL,N8,1435,1370,95.47
20,358,DHFL,NA,1150,1150,100.00
20,359,DHFL,NC,2795,2520,90.16
20,360,DHFL,NE,10,10,100.00
20,361,DHFL,NF,440,425,96.59
20,362,DHFL,NH,447,447,100.00
20,363,DHFL,NL,5312,5216,98.19
20,364,DHFL,NN,911,774,84.96
20,365,DHFL,NP,12254,9533,77.80
20,366,DHFL,NQ,1964,1766,89.92
20,367,DHFL,NS,955,938,98.22
20,368,DHFL,NX,4228,3670,86.80
20,369,DHFL,NY,10,10,100.00
20,370,DHFL,Y1,527,474,89.94
20,371,DHUNINV,EQ,7299,1274,17.45
20,372,DIAMONDYD,EQ,1422,1299,91.35
20,373,DICIND,EQ,1378,1162,84.33
20,374,DIGJAMLTD,EQ,31187,22417,71.88
20,375,DISHTV,EQ,30105361,6497747,21.58
20,376,DIVISLAB,EQ,609053,223089,36.63
20,377,DIXON,EQ,29832,6397,21.44
20,378,DLF,EQ,13045972,1013361,7.77
20,379,DLINKINDIA,EQ,33259,6713,20.18
20,380,DMART,EQ,1137654,523438,46.01
20,381,DOLLAR,EQ,5018,2633,52.47
20,382,DOLPHINOFF,EQ,67947,17763,26.14
20,383,DONEAR,EQ,31213,17774,56.94
20,384,DPSCLTD,EQ,6014,4998,83.11
20,385,DQE,EQ,11300,6330,56.02
20,386,DREDGECORP,EQ,371707,61680,16.59
20,387,DRREDDY,EQ,1450995,462528,31.88
20,388,DRSDILIP,SM,40000,40000,100.00
20,389,DSSL,EQ,13510,7211,53.38
20,390,DTIL,EQ,1160,1156,99.66
20,391,DUCON,EQ,1139790,324425,28.46
20,392,DVL,EQ,6985,3825,54.76
20,393,DWARKESH,EQ,129187,88784,68.73
20,394,DYNAMATECH,EQ,387,275,71.06
20,395,DYNPRO,EQ,9591,5168,53.88
20,396,E2E,SM,2000,2000,100.00
20,397,EASUNREYRL,EQ,22919,18021,78.63
20,398,EBANK,EQ,1,1,100.00
20,399,ECEIND,EQ,304,254,83.55
20,400,ECLERX,EQ,61240,58640,95.75
20,401,ECLFINANCE,N5,241,241,100.00
20,402,ECLFINANCE,N7,80,80,100.00
20,403,ECLFINANCE,NB,2,1,50.00
20,404,ECLFINANCE,NE,160,160,100.00
20,405,ECLFINANCE,NH,248,225,90.73
20,406,ECLFINANCE,NJ,2137,1712,80.11
20,407,ECLFINANCE,NK,267,242,90.64
20,408,ECLFINANCE,NM,560,560,100.00
20,409,ECLFINANCE,NN,120,120,100.00
20,410,ECLFINANCE,NO,316,315,99.68
20,411,ECLFINANCE,NP,200,200,100.00
20,412,ECLFINANCE,NQ,521,521,100.00
20,413,ECLFINANCE,NR,4871,4331,88.91
20,414,EDELWEISS,EQ,3003971,1844224,61.39
20,415,EDL,EQ,10751,7674,71.38
20,416,EHFLNCD,N5,79,79,100.00
20,417,EHFLNCD,N6,513,513,100.00
20,418,EICHERMOT,EQ,185717,42438,22.85
20,419,EIDPARRY,EQ,59614,30547,51.24
20,420,EIFFL,SM,4800,4800,100.00
20,421,EIHAHOTELS,EQ,2982,1643,55.10
20,422,EIHOTEL,EQ,292772,113068,38.62
20,423,EIMCOELECO,EQ,932,672,72.10
20,424,EKC,EQ,87787,40555,46.20
20,425,ELAND,EQ,1417,1302,91.88
20,426,ELECON,EQ,115795,48234,41.65
20,427,ELECTCAST,EQ,120477,93020,77.21
20,428,ELECTHERM,EQ,5462,3435,62.89
20,429,ELGIEQUIP,EQ,82374,4579,5.56
20,430,ELGIRUBCO,EQ,5669,3800,67.03
20,431,EMAMILTD,EQ,111967,50509,45.11
20,432,EMAMIREAL,EQ,31424,16789,53.43
20,433,EMCO,EQ,20570,15281,74.29
20,434,EMKAY,EQ,110978,31779,28.64
20,435,EMMBI,EQ,21012,9629,45.83
20,436,EMOFSR1RDP,MF,7500,7500,100.00
20,437,EMOFSR1RGG,MF,24085,19985,82.98
20,438,ENDURANCE,EQ,10868,6869,63.20
20,439,ENERGYDEV,EQ,8017,7239,90.30
20,440,ENGINERSIN,EQ,941460,282488,30.01
20,441,ENIL,EQ,6307,2015,31.95
20,442,EON,EQ,28427,14956,52.61
20,443,EQ30,EQ,39,38,97.44
20,444,EQUITAS,EQ,4048662,1756241,43.38
20,445,ERFLNCDI,N1,10,10,100.00
20,446,ERFLNCDI,N2,139,139,100.00
20,447,ERFLNCDI,N4,1210,1000,82.64
20,448,ERFLNCDI,N6,25,25,100.00
20,449,ERIS,EQ,108636,93606,86.16
20,450,EROSMEDIA,EQ,456225,137261,30.09
20,451,ESABINDIA,EQ,2321,1025,44.16
20,452,ESCORTS,EQ,5112096,485606,9.50
20,453,ESSARSHPNG,EQ,11771,8731,74.17
20,454,ESSDEE,EQ,8427,4617,54.79
20,455,ESSELPACK,EQ,144406,116210,80.47
20,456,ESTER,EQ,43502,30980,71.22
20,457,EUROTEXIND,EQ,75,75,100.00
20,458,EVEREADY,EQ,48415,28439,58.74
20,459,EVERESTIND,EQ,58321,14514,24.89
20,460,EXCEL,EQ,366619,204181,55.69
20,461,EXCELCROP,EQ,3014,2489,82.58
20,462,EXCELINDUS,EQ,17457,8935,51.18
20,463,EXIDEIND,EQ,3205387,1736987,54.19
20,464,FACT,EQ,525463,147438,28.06
20,465,FAIRCHEM,EQ,1656,1476,89.13
20,466,FCL,EQ,156844,86611,55.22
20,467,FCONSUMER,EQ,2524217,1284114,50.87
20,468,FDC,EQ,7016,4565,65.07
20,469,FEDERALBNK,EQ,9968361,3672119,36.84
20,470,FEL,EQ,408770,267421,65.42
20,471,FELDVR,EQ,16255,10837,66.67
20,472,FIEMIND,EQ,2179,1884,86.46
20,473,FILATEX,EQ,2477433,1102702,44.51
20,474,FINCABLES,EQ,29944,13020,43.48
20,475,FINEORG,EQ,2766,1635,59.11
20,476,FINPIPE,EQ,12039,6679,55.48
20,477,FLEXITUFF,EQ,3402,905,26.60
20,478,FLFL,EQ,34600,24626,71.17
20,479,FMGOETZE,EQ,5721,4717,82.45
20,480,FMNL,EQ,27680,12696,45.87
20,481,FORTIS,EQ,617588,515909,83.54
20,482,FOSECOIND,EQ,770,597,77.53
20,483,FOURTHDIM,SM,27000,27000,100.00
20,484,FRETAIL,EQ,658254,424949,64.56
20,485,FSC,EQ,803,661,82.32
20,486,FSL,EQ,1874161,953045,50.85
20,487,GABRIEL,EQ,50553,43867,86.77
20,488,GAEL,EQ,32503,22408,68.94
20,489,GAIL,EQ,3367974,1797981,53.38
20,490,GAL,EQ,31356,26715,85.20
20,491,GALAXYSURF,EQ,6550,5878,89.74
20,492,GALLANTT,EQ,15316,10938,71.42
20,493,GALLISPAT,EQ,82544,67294,81.53
20,494,GAMMNINFRA,EQ,1277488,956876,74.90
20,495,GANDHITUBE,EQ,615,504,81.95
20,496,GANECOS,EQ,64038,680,1.06
20,497,GANESHHOUC,EQ,63481,29616,46.65
20,498,GANGAFORGE,SM,24000,12000,50.00
20,499,GANGESSECU,EQ,3559,3009,84.55
20,500,GARDENSILK,EQ,47569,26702,56.13
20,501,GARFIBRES,EQ,1475,1153,78.17
20,502,GATI,EQ,282029,103595,36.73
20,503,GAYAHWS,EQ,155578,121457,78.07
20,504,GAYAPROJ,EQ,18225,11373,62.40
20,505,GDL,EQ,198162,98698,49.81
20,506,GEECEE,EQ,1397,991,70.94
20,507,GENESYS,EQ,10644,7219,67.82
20,508,GENUSPAPER,EQ,1001620,902819,90.14
20,509,GENUSPOWER,EQ,124682,79264,63.57
20,510,GEOJITFSL,EQ,85726,56440,65.84
20,511,GEPIL,EQ,4392,2287,52.07
20,512,GESHIP,EQ,58638,45421,77.46
20,513,GET&D,EQ,14284,9146,64.03
20,514,GHCL,EQ,65801,49826,75.72
20,515,GICHSGFIN,EQ,80539,37774,46.90
20,516,GICRE,EQ,73526,36734,49.96
20,517,GILLANDERS,EQ,259,259,100.00
20,518,GILLETTE,EQ,2790,2297,82.33
20,519,GINNIFILA,EQ,45028,25038,55.61
20,520,GIPCL,EQ,11286,6010,53.25
20,521,GKWLIMITED,EQ,255,176,69.02
20,522,GLAXO,EQ,10985,6090,55.44
20,523,GLENMARK,EQ,398672,136229,34.17
20,524,GLOBAL,SM,1000,1000,100.00
20,525,GLOBALVECT,EQ,1993,1635,82.04
20,526,GLOBOFFS,EQ,6819,4970,72.88
20,527,GLOBUSSPR,EQ,49029,27934,56.97
20,528,GMBREW,EQ,30059,12708,42.28
20,529,GMDCLTD,EQ,69395,48312,69.62
20,530,GMMPFAUDLR,EQ,10399,6522,62.72
20,531,GMRINFRA,EQ,20712433,9096694,43.92
20,532,GNA,EQ,36590,25628,70.04
20,533,GNFC,EQ,393952,137455,34.89
20,534,GOACARBON,EQ,178061,47545,26.70
20,535,GOCLCORP,EQ,4309,3966,92.04
20,536,GODFRYPHLP,EQ,223978,47096,21.03
20,537,GODHA,SM,16000,16000,100.00
20,538,GODREJAGRO,EQ,87644,48344,55.16
20,539,GODREJCP,EQ,3093553,2146837,69.40
20,540,GODREJIND,EQ,262427,67669,25.79
20,541,GODREJPROP,EQ,288164,100169,34.76
20,542,GOKEX,EQ,24393,16237,66.56
20,543,GOLDBEES,EQ,17606,12540,71.23
20,544,GOLDIAM,EQ,5267,3396,64.48
20,545,GOLDSHARE,EQ,3323,2921,87.90
20,546,GOLDTECH,EQ,18260,12520,68.57
20,547,GOODLUCK,EQ,16760,10628,63.41
20,548,GPIL,EQ,78411,40131,51.18
20,549,GPPL,EQ,115364,84684,73.41
20,550,GPTINFRA,EQ,4425,3013,68.09
20,551,GRANULES,EQ,829138,433444,52.28
20,552,GRAPHITE,EQ,7610159,1724077,22.65
20,553,GRASIM,EQ,1307460,480680,36.76
20,554,GRAVITA,EQ,32079,26111,81.40
20,555,GREAVESCOT,EQ,165088,77150,46.73
20,556,GREENLAM,EQ,750,483,64.40
20,557,GREENPLY,EQ,55360,27950,50.49
20,558,GREENPOWER,EQ,54241,38737,71.42
20,559,GRINDWELL,EQ,5581,4282,76.72
20,560,GROBTEA,EQ,177,103,58.19
20,561,GRPLTD,EQ,82,79,96.34
20,562,GRSE,EQ,6769,5120,75.64
20,563,GRUH,EQ,10011134,6055904,60.49
20,564,GSCLCEMENT,EQ,13653,11249,82.39
20,565,GSFC,EQ,2564417,664638,25.92
20,566,GSKCONS,EQ,19022,8655,45.50
20,567,GSPL,EQ,179429,133778,74.56
20,568,GSS,EQ,386287,86648,22.43
20,569,GTLINFRA,EQ,671637,670437,99.82
20,570,GTNIND,EQ,7674,6870,89.52
20,571,GTPL,EQ,5168,4370,84.56
20,572,GUFICBIO,EQ,47865,12611,26.35
20,573,GUJALKALI,EQ,121458,56426,46.46
20,574,GUJAPOLLO,EQ,981,742,75.64
20,575,GUJFLUORO,EQ,34502,20390,59.10
20,576,GUJGASLTD,EQ,96277,65364,67.89
20,577,GULFOILLUB,EQ,46933,41204,87.79
20,578,GULFPETRO,EQ,22587,18106,80.16
20,579,GULPOLY,EQ,38258,33156,86.66
20,580,GVKPIL,EQ,1206455,685937,56.86
20,581,H1190M36RG,MF,600,600,100.00
20,582,HAL,EQ,29348,10635,36.24
20,583,HARITASEAT,EQ,2640,1597,60.49
20,584,HARRMALAYA,EQ,19819,7572,38.21
20,585,HATHWAY,EQ,1913785,1851984,96.77
20,586,HATSUN,EQ,4627,2824,61.03
20,587,HAVELLS,EQ,1938051,501789,25.89
20,588,HBLPOWER,EQ,122632,68636,55.97
20,589,HBSL,EQ,3809,3023,79.36
20,590,HCC,EQ,3399592,1181705,34.76
20,591,HCG,EQ,5832,2904,49.79
20,592,HCL-INSYS,EQ,401293,181010,45.11
20,593,HCLTECH,EQ,3230111,1756852,54.39
20,594,HDFC,EQ,4867443,3347385,68.77
20,595,HDFCAMC,EQ,108173,52386,48.43
20,596,HDFCBANK,EQ,3913547,2360380,60.31
20,597,HDFCLIFE,EQ,854153,481558,56.38
20,598,HDFCMFGETF,EQ,1140,743,65.18
20,599,HDFCNIFETF,EQ,1265,1073,84.82
20,600,HDIL,EQ,7003357,1381176,19.72
20,601,HECPROJECT,SM,2400,2400,100.00
20,602,HEG,EQ,1371660,426635,31.10
20,603,HEIDELBERG,EQ,44947,20868,46.43
20,604,HERCULES,EQ,13882,5517,39.74
20,605,HERITGFOOD,EQ,11140,6652,59.71
20,606,HEROMOTOCO,EQ,3296513,882623,26.77
20,607,HESTERBIO,EQ,5253,3743,71.25
20,608,HEXAWARE,EQ,2930714,456119,15.56
20,609,HFCL,EQ,1386340,723409,52.18
20,610,HGINFRA,EQ,43474,5270,12.12
20,611,HGS,EQ,1290,970,75.19
20,612,HHOF1140RG,MF,1212,1106,91.25
20,613,HIGHGROUND,EQ,26299,24512,93.21
20,614,HIKAL,EQ,108262,37628,34.76
20,615,HIL,EQ,5340,2135,39.98
20,616,HILTON,EQ,2161,1859,86.02
20,617,HIMATSEIDE,EQ,74791,61293,81.95
20,618,HINDALCO,EQ,10475839,5016161,47.88
20,619,HINDCOMPOS,EQ,2621,1620,61.81
20,620,HINDCOPPER,EQ,306758,113257,36.92
20,621,HINDMOTORS,EQ,122299,82473,67.44
20,622,HINDNATGLS,EQ,1975,1635,82.78
20,623,HINDOILEXP,EQ,314916,192063,60.99
20,624,HINDPETRO,EQ,2759440,888274,32.19
20,625,HINDUJAVEN,EQ,1897,766,40.38
20,626,HINDUNILVR,EQ,2342251,1205126,51.45
20,627,HINDZINC,EQ,5094566,851404,16.71
20,628,HIRECT,EQ,3790,2591,68.36
20,629,HISARMETAL,EQ,2564,1657,64.63
20,630,HITECH,EQ,980,555,56.63
20,631,HITECHCORP,EQ,450,350,77.78
20,632,HITECHGEAR,EQ,1709,800,46.81
20,633,HMVL,EQ,7323,5334,72.84
20,634,HNGSNGBEES,EQ,13,13,100.00
20,635,HONAUT,EQ,466,362,77.68
20,636,HONDAPOWER,EQ,2385,1895,79.45
20,637,HOTELEELA,EQ,139340,80601,57.84
20,638,HOVS,EQ,17833,10407,58.36
20,639,HPL,EQ,16333,9451,57.86
20,640,HSCL,EQ,262786,137400,52.29
20,641,HSIL,EQ,369883,217592,58.83
20,642,HTMEDIA,EQ,70765,43731,61.80
20,643,HUBTOWN,EQ,24942,10223,40.99
20,644,HUDCO,EQ,1117435,358213,32.06
20,645,HUDCO,N2,646,612,94.74
20,646,HUDCO,N3,365,365,100.00
20,647,HUDCO,N5,200,200,100.00
20,648,HUDCO,N8,897,897,100.00
20,649,HUDCO,N9,51,50,98.04
20,650,HUDCO,NE,865,745,86.13
20,651,IBREALEST,EQ,3783830,1155333,30.53
20,652,IBUCCREDIT,N2,18,18,100.00
20,653,IBUCCREDIT,N4,20,20,100.00
20,654,IBULHSGFIN,EQ,11316643,2806962,24.80
20,655,IBULHSGFIN,N4,89,89,100.00
20,656,IBULHSGFIN,N6,150,150,100.00
20,657,IBULHSGFIN,N7,100,50,50.00
20,658,IBULHSGFIN,NA,1,1,100.00
20,659,IBULISL,EQ,209986,82692,39.38
20,660,IBVENTURES,EQ,1329833,493796,37.13
20,661,ICEMAKE,SM,4000,4000,100.00
20,662,ICICI500,EQ,890,544,61.12
20,663,ICICIB22,EQ,256414,231257,90.19
20,664,ICICIBANK,EQ,25605469,8933114,34.89
20,665,ICICIGI,EQ,120799,69125,57.22
20,666,ICICIGOLD,EQ,11628,8268,71.10
20,667,ICICILIQ,EQ,1235,1188,96.19
20,668,ICICILOVOL,EQ,600,489,81.50
20,669,ICICIMCAP,EQ,14542,12687,87.24
20,670,ICICINF100,EQ,191,108,56.54
20,671,ICICINIFTY,EQ,51525,23454,45.52
20,672,ICICINV20,EQ,2365,1555,65.75
20,673,ICICINXT50,EQ,7767,5700,73.39
20,674,ICICIPRULI,EQ,1444692,553710,38.33
20,675,ICICISENSX,EQ,195,119,61.03
20,676,ICIL,EQ,261559,121517,46.46
20,677,ICRA,EQ,634,531,83.75
20,678,IDBI,EQ,4644706,766719,16.51
20,679,IDBIGOLD,EQ,1445,1001,69.27
20,680,IDEA,EQ,16952172,3978344,23.47
20,681,IDFC,EQ,3261181,852494,26.14
20,682,IDFCFIRSTB,EQ,12112149,5019248,41.44
20,683,IDFCFIRSTB,N1,4,4,100.00
20,684,IDFCFIRSTB,N2,9,9,100.00
20,685,IDFCFIRSTB,N3,16,8,50.00
20,686,IDFCFIRSTB,N4,4,4,100.00
20,687,IDFCFIRSTB,N5,5,5,100.00
20,688,IDFCFIRSTB,N6,14,12,85.71
20,689,IDFCFIRSTB,N7,2,1,50.00
20,690,IDFCFIRSTB,N8,4,4,100.00
20,691,IDFCFIRSTB,NA,16,16,100.00
20,692,IDFCFIRSTB,NC,4,4,100.00
20,693,IDFCFIRSTB,NE,4,4,100.00
20,694,IDFNIFTYET,EQ,83,83,100.00
20,695,IEX,EQ,25151,22718,90.33
20,696,IFBAGRO,EQ,4957,2116,42.69
20,697,IFBIND,EQ,5567,2391,42.95
20,698,IFCI,EQ,3423812,767784,22.42
20,699,IFCI,NH,200,200,100.00
20,700,IFCI,NI,30,30,100.00
20,701,IFCI,NK,10,10,100.00
20,702,IFCI,NL,136,136,100.00
20,703,IFGLEXPOR,EQ,2594,1179,45.45
20,704,IGARASHI,EQ,9760,5142,52.68
20,705,IGL,EQ,3907907,3126217,80.00
20,706,IGPL,EQ,29365,17254,58.76
20,707,IIFCL,N2,181,101,55.80
20,708,IIFCL,N4,5,5,100.00
20,709,IIFL,EQ,100705,74104,73.59
20,710,IIHFL,N2,1437,1334,92.83
20,711,IIHFL,N3,122,120,98.36
20,712,IITL,EQ,2269,37,1.63
20,713,IL&FSTRANS,EQ,909127,428935,47.18
20,714,IMFA,EQ,22851,13490,59.03
20,715,IMPAL,EQ,295,216,73.22
20,716,INDBANK,EQ,7813,4458,57.06
20,717,INDHOTEL,EQ,1255454,956719,76.21
20,718,INDIACEM,EQ,6523784,1426204,21.86
20,719,INDIAGLYCO,EQ,62058,27915,44.98
20,720,INDIANB,EQ,1180493,147372,12.48
20,721,INDIANCARD,EQ,111,62,55.86
20,722,INDIANHUME,EQ,8093,3843,47.49
20,723,INDIGO,EQ,766653,124574,16.25
20,724,INDIGRID,IV,30618,25515,83.33
20,725,INDLMETER,EQ,490,480,97.96
20,726,INDNIPPON,EQ,5307,3478,65.54
20,727,INDOCO,EQ,17159,12240,71.33
20,728,INDOSTAR,EQ,6041,3465,57.36
20,729,INDOTECH,EQ,5314,2450,46.10
20,730,INDOTHAI,EQ,4394,2807,63.88
20,731,INDOWIND,EQ,16820,14130,84.01
20,732,INDRAMEDCO,EQ,36955,26000,70.36
20,733,INDSWFTLAB,EQ,22508,13292,59.05
20,734,INDSWFTLTD,EQ,532,520,97.74
20,735,INDTERRAIN,EQ,6514,4617,70.88
20,736,INDUSINDBK,EQ,1547424,833450,53.86
20,737,INEOSSTYRO,EQ,609,510,83.74
20,738,INFIBEAM,EQ,8844371,1306651,14.77
20,739,INFOBEAN,SM,4000,2000,50.00
20,740,INFRABEES,EQ,408,374,91.67
20,741,INFRATEL,EQ,2258242,963139,42.65
20,742,INFY,EQ,6276585,2274954,36.25
20,743,INGERRAND,EQ,9587,5239,54.65
20,744,INOXLEISUR,EQ,239525,55803,23.30
20,745,INOXWIND,EQ,48196,23747,49.27
20,746,INSECTICID,EQ,16307,13317,81.66
20,747,INSPIRISYS,EQ,1236,1059,85.68
20,748,INTELLECT,EQ,436654,232507,53.25
20,749,INTENTECH,EQ,5320,3790,71.24
20,750,INVENTURE,EQ,1651,1623,98.30
20,751,IOB,EQ,409378,209729,51.23
20,752,IOC,EQ,5092724,1711605,33.61
20,753,IOLCP,EQ,818707,326179,39.84
20,754,IPAPPM,EQ,134138,52708,39.29
20,755,IPCALAB,EQ,55003,34119,62.03
20,756,IRB,EQ,1450004,154069,10.63
20,757,IRBINVIT,IV,25000,20000,80.00
20,758,IRCON,EQ,36215,19116,52.78
20,759,IREDA,N6,52,52,100.00
20,760,IRFC,N1,309,309,100.00
20,761,IRFC,NA,85,85,100.00
20,762,IRFC,NE,1,1,100.00
20,763,IRFC,NI,4,4,100.00
20,764,IRFC,NO,1270,1270,100.00
20,765,ISEC,EQ,71982,49725,69.08
20,766,ISFT,EQ,14787,10296,69.63
20,767,ITC,EQ,18353829,9349482,50.94
20,768,ITDC,EQ,9783,4555,46.56
20,769,ITDCEM,EQ,46760,25969,55.54
20,770,ITI,EQ,931476,263039,28.24
20,771,IVC,EQ,230210,143088,62.16
20,772,IVP,EQ,581,576,99.14
20,773,IVRCLINFRA,EQ,284988,283988,99.65
20,774,IVZINGOLD,EQ,69,67,97.10
20,775,IVZINNIFTY,EQ,13,7,53.85
20,776,IZMO,EQ,14379,10146,70.56
20,777,J&KBANK,EQ,691958,381065,55.07
20,778,JAGRAN,EQ,97986,59402,60.62
20,779,JAGSNPHARM,EQ,5599,4556,81.37
20,780,JAIBALAJI,EQ,3056,2641,86.42
20,781,JAICORPLTD,EQ,1142960,492724,43.11
20,782,JALAN,SM,12000,12000,100.00
20,783,JAMNAAUTO,EQ,1132410,326774,28.86
20,784,JAYAGROGN,EQ,5066,1450,28.62
20,785,JAYBARMARU,EQ,203000,47749,23.52
20,786,JAYSREETEA,EQ,94476,53275,56.39
20,787,JBCHEPHARM,EQ,57644,37350,64.79
20,788,JBFIND,EQ,54335,33420,61.51
20,789,JBMA,EQ,41828,8837,21.13
20,790,JCHAC,EQ,4443,2383,53.63
20,791,JETAIRWAYS,EQ,27955595,1210058,4.33
20,792,JHS,EQ,24932,15827,63.48
20,793,JINDALPHOT,EQ,1331,843,63.34
20,794,JINDALPOLY,EQ,30848,27610,89.50
20,795,JINDALSAW,EQ,1207693,449427,37.21
20,796,JINDALSTEL,EQ,12565471,2878424,22.91
20,797,JINDRILL,EQ,3771,2159,57.25
20,798,JINDWORLD,EQ,172272,25124,14.58
20,799,JISLDVREQS,EQ,267448,84362,31.54
20,800,JISLJALEQS,EQ,18900531,5956187,31.51
20,801,JKCEMENT,EQ,5627,2680,47.63
20,802,JKIL,EQ,653043,417235,63.89
20,803,JKLAKSHMI,EQ,177219,146575,82.71
20,804,JKPAPER,EQ,599601,243407,40.59
20,805,JKTYRE,EQ,375714,129249,34.40
20,806,JMA,EQ,1431,1126,78.69
20,807,JMCPROJECT,EQ,86213,62420,72.40
20,808,JMFINANCIL,EQ,1619584,109085,6.74
20,809,JMTAUTOLTD,EQ,52525,33964,64.66
20,810,JOCIL,EQ,565,521,92.21
20,811,JPASSOCIAT,EQ,41871705,7755382,18.52
20,812,JPINFRATEC,EQ,711497,467251,65.67
20,813,JPOLYINVST,EQ,1146,1136,99.13
20,814,JPPOWER,EQ,1961953,967167,49.30
20,815,JSL,EQ,687867,357292,51.94
20,816,JSLHISAR,EQ,565775,273154,48.28
20,817,JSWENERGY,EQ,756513,433683,57.33
20,818,JSWHL,EQ,1629,1283,78.76
20,819,JSWSTEEL,EQ,6496209,1574518,24.24
20,820,JSWSTEEL,P2,4474,4474,100.00
20,821,JTEKTINDIA,EQ,42697,33941,79.49
20,822,JUBILANT,EQ,398633,118706,29.78
20,823,JUBLFOOD,EQ,6091028,1636205,26.86
20,824,JUBLINDS,EQ,13793,8838,64.08
20,825,JUNIORBEES,EQ,54099,29664,54.83
20,826,JUSTDIAL,EQ,1024629,181675,17.73
20,827,JYOTHYLAB,EQ,324929,276462,85.08
20,828,KABRAEXTRU,EQ,13412,9358,69.77
20,829,KAJARIACER,EQ,1181551,736674,62.35
20,830,KAKATCEM,EQ,21013,12234,58.22
20,831,KALPATPOWR,EQ,30674,16835,54.88
20,832,KAMATHOTEL,EQ,20092,11380,56.64
20,833,KAMDHENU,EQ,12274,2215,18.05
20,834,KANANIIND,EQ,3322,2355,70.89
20,835,KANORICHEM,EQ,13960,9309,66.68
20,836,KANSAINER,EQ,149094,121608,81.56
20,837,KARDA,EQ,79572,35575,44.71
20,838,KARMAENG,EQ,2171,1772,81.62
20,839,KARURVYSYA,EQ,426484,297939,69.86
20,840,KAVVERITEL,EQ,4021,2838,70.58
20,841,KAYA,EQ,8668,6309,72.78
20,842,KCP,EQ,16450,11787,71.65
20,843,KCPSUGIND,EQ,92306,52825,57.23
20,844,KDDL,EQ,257,182,70.82
20,845,KEC,EQ,253288,123326,48.69
20,846,KECL,EQ,32630,22191,68.01
20,847,KEERTI,SM,16000,14000,87.50
20,848,KEI,EQ,118137,96291,81.51
20,849,KESARENT,EQ,2658,1621,60.99
20,850,KESORAMIND,EQ,177381,80263,45.25
20,851,KHADIM,EQ,1187,864,72.79
20,852,KICL,EQ,957,607,63.43
20,853,KILITCH,EQ,49821,19979,40.10
20,854,KINGFA,EQ,1712,912,53.27
20,855,KIOCL,EQ,26107,11950,45.77
20,856,KIRIINDUS,EQ,31973,14728,46.06
20,857,KIRLOSBROS,EQ,66601,52149,78.30
20,858,KIRLOSENG,EQ,9423,6667,70.75
20,859,KIRLOSIND,EQ,2483,1675,67.46
20,860,KITEX,EQ,74915,53161,70.96
20,861,KKCL,EQ,221,79,35.75
20,862,KMSUGAR,EQ,42763,27381,64.03
20,863,KNRCON,EQ,36070,16684,46.25
20,864,KOHINOOR,EQ,195763,96610,49.35
20,865,KOKUYOCMLN,EQ,9751,4782,49.04
20,866,KOLTEPATIL,EQ,242804,46084,18.98
20,867,KOPRAN,EQ,70588,40212,56.97
20,868,KOTAKBANK,EQ,2189154,945352,43.18
20,869,KOTAKBKETF,EQ,25164,13100,52.06
20,870,KOTAKGOLD,EQ,7740,5939,76.73
20,871,KOTAKNIFTY,EQ,52680,19371,36.77
20,872,KOTAKNV20,EQ,12341,7037,57.02
20,873,KOTAKPSUBK,EQ,7011,2511,35.82
20,874,KOTARISUG,EQ,5630,3329,59.13
20,875,KOTHARIPET,EQ,1680,1100,65.48
20,876,KOTHARIPRO,EQ,3551,1316,37.06
20,877,KPIT,EQ,1785983,507079,28.39
20,878,KPRMILL,EQ,109582,101767,92.87
20,879,KRBL,EQ,507126,194684,38.39
20,880,KREBSBIO,EQ,3525,2829,80.26
20,881,KRIDHANINF,EQ,62224,36052,57.94
20,882,KRITIKA,SM,12000,8000,66.67
20,883,KSB,EQ,6154,4213,68.46
20,884,KSCL,EQ,853182,81088,9.50
20,885,KSERASERA,EQ,1016235,530878,52.24
20,886,KSHITIJPOL,SM,12000,4000,33.33
20,887,KSK,EQ,134653,134653,100.00
20,888,KSL,EQ,26100,11355,43.51
20,889,KTIL,EQ,5315,3700,69.61
20,890,KTKBANK,EQ,2289610,542776,23.71
20,891,KWALITY,EQ,957645,587059,61.30
20,892,L&TFH,EQ,4709841,905892,19.23
20,893,L&TFINANCE,N4,211,155,73.46
20,894,L&TINFRA,N1,2,2,100.00
20,895,L&TINFRA,N2,68,68,100.00
20,896,L&TINFRA,N3,60,60,100.00
20,897,L&TINFRA,N4,67,67,100.00
20,898,L&TINFRA,N5,20,20,100.00
20,899,L&TINFRA,N6,124,124,100.00
20,900,LAGNAM,SM,3000,3000,100.00
20,901,LAKSHVILAS,EQ,1724417,611730,35.47
20,902,LALPATHLAB,EQ,61937,38907,62.82
20,903,LAMBODHARA,EQ,3387,2636,77.83
20,904,LAOPALA,EQ,17225,9230,53.58
20,905,LAURUSLABS,EQ,141783,125583,88.57
20,906,LAXMIMACH,EQ,1105,731,66.15
20,907,LEEL,EQ,431147,223409,51.82
20,908,LEMONTREE,EQ,462640,390006,84.30
20,909,LGBBROSLTD,EQ,9436,6504,68.93
20,910,LIBERTSHOE,EQ,44074,15789,35.82
20,911,LICHSGFIN,EQ,4376608,1387323,31.70
20,912,LICNETFGSC,EQ,4771,4771,100.00
20,913,LICNETFN50,EQ,39,33,84.62
20,914,LICNETFSEN,EQ,4510,0,0.00
20,915,LINCOLN,EQ,14760,10659,72.22
20,916,LINCPEN,EQ,3747,2529,67.49
20,917,LINDEINDIA,EQ,128410,52876,41.18
20,918,LIQUIDBEES,EQ,554740,342557,61.75
20,919,LIQUIDETF,EQ,38510,34909,90.65
20,920,LOKESHMACH,EQ,11632,9106,78.28
20,921,LOTUSEYE,EQ,14321,7803,54.49
20,922,LOVABLE,EQ,11324,7309,64.54
20,923,LPDC,EQ,25187,22968,91.19
20,924,LSIL,EQ,549882,346554,63.02
20,925,LT,EQ,2515736,1322394,52.56
20,926,LTI,EQ,71991,48116,66.84
20,927,LTTS,EQ,80452,37573,46.70
20,928,LUMAXIND,EQ,1277,726,56.85
20,929,LUMAXTECH,EQ,28728,16355,56.93
20,930,LUPIN,EQ,1032450,242526,23.49
20,931,LUXIND,EQ,38945,6938,17.81
20,932,LYKALABS,EQ,19043,10733,56.36
20,933,LYPSAGEMS,EQ,43396,16770,38.64
20,934,M&M,EQ,8005192,3514791,43.91
20,935,M&MFIN,EQ,3461426,1392021,40.22
20,936,M&MFIN,N2,115,115,100.00
20,937,M100,EQ,7551,5557,73.59
20,938,M17RG,MF,289,289,100.00
20,939,M50,EQ,2274,2273,99.96
20,940,MAANALU,EQ,4165,2209,53.04
20,941,MACPOWER,SM,3500,500,14.29
20,942,MADHAV,EQ,303,200,66.01
20,943,MADHUCON,EQ,40302,33660,83.52
20,944,MADRASFERT,EQ,446369,194510,43.58
20,945,MAGADSUGAR,EQ,439,437,99.54
20,946,MAGMA,EQ,209392,123108,58.79
20,947,MAGNUM,EQ,3717,3164,85.12
20,948,MAHABANK,EQ,7376335,2192996,29.73
20,949,MAHASTEEL,EQ,179348,60052,33.48
20,950,MAHICKRA,SM,3000,3000,100.00
20,951,MAHINDCIE,EQ,89185,70641,79.21
20,952,MAHLIFE,EQ,61926,46806,75.58
20,953,MAHLOG,EQ,5649,3845,68.07
20,954,MAHSCOOTER,EQ,1760,1063,60.40
20,955,MAHSEAMLES,EQ,11387,9469,83.16
20,956,MAITHANALL,EQ,256981,69533,27.06
20,957,MAJESCO,EQ,367497,65006,17.69
20,958,MALUPAPER,EQ,10383,7589,73.09
20,959,MAN50ETF,EQ,300,100,33.33
20,960,MANAKALUCO,EQ,2190,2119,96.76
20,961,MANAKCOAT,EQ,3235,2555,78.98
20,962,MANAKSIA,EQ,4099,3924,95.73
20,963,MANAKSTEEL,EQ,152448,150786,98.91
20,964,MANALIPETC,EQ,179539,117784,65.60
20,965,MANAPPURAM,EQ,1853774,694664,37.47
20,966,MANDHANA,EQ,31696,28296,89.27
20,967,MANGALAM,EQ,17135,11876,69.31
20,968,MANGCHEFER,EQ,58304,30288,51.95
20,969,MANGLMCEM,EQ,2031,1182,58.20
20,970,MANGTIMBER,EQ,4079,2782,68.20
20,971,MANINDS,EQ,36514,25239,69.12
20,972,MANINFRA,EQ,71051,31750,44.69
20,973,MANPASAND,EQ,147974,69666,47.08
20,974,MANUGRAPH,EQ,2153,1997,92.75
20,975,MARALOVER,EQ,8669,7071,81.57
20,976,MARATHON,EQ,9152,5735,62.66
20,977,MARICO,EQ,2559709,1326789,51.83
20,978,MARINE,SM,4000,2000,50.00
20,979,MARKSANS,EQ,475805,190924,40.13
20,980,MARUTI,EQ,2545419,715227,28.10
20,981,MASFIN,EQ,5659,2888,51.03
20,982,MASTEK,EQ,273440,59108,21.62
20,983,MATRIMONY,EQ,1748,1079,61.73
20,984,MAWANASUG,EQ,44842,36047,80.39
20,985,MAXINDIA,EQ,213734,175121,81.93
20,986,MAXVIL,EQ,20324,17669,86.94
20,987,MAYURUNIQ,EQ,5538,2686,48.50
20,988,MAZDA,EQ,3104,2247,72.39
20,989,MBLINFRA,EQ,30240,19750,65.31
20,990,MCDHOLDING,EQ,5028,3947,78.50
20,991,MCDOWELL-N,EQ,2464873,1134562,46.03
20,992,MCL,SM,24000,21600,90.00
20,993,MCLEODRUSS,EQ,142111,87566,61.62
20,994,MCX,EQ,200163,35545,17.76
20,995,MEGH,EQ,298613,123939,41.50
20,996,MENONBE,EQ,19852,10095,50.85
20,997,MEP,EQ,81057,37596,46.38
20,998,MERCATOR,EQ,376008,270728,72.00
20,999,MERCK,EQ,10669,6547,61.36
20,1000,METALFORGE,EQ,6847,4422,64.58
20,1001,MFSL,EQ,1056343,271934,25.74
20,1002,MGL,EQ,237703,82801,34.83
20,1003,MHRIL,EQ,23488,15160,64.54
20,1004,MIC,EQ,462027,299667,64.86
20,1005,MIDHANI,EQ,101563,29703,29.25
20,1006,MINDACORP,EQ,52186,39144,75.01
20,1007,MINDAIND,EQ,80309,47535,59.19
20,1008,MINDTECK,EQ,9326,5806,62.26
20,1009,MINDTREE,EQ,803302,201145,25.04
20,1010,MIRCELECTR,EQ,184682,98260,53.20
20,1011,MIRZAINT,EQ,150426,35439,23.56
20,1012,MMFL,EQ,9229,6212,67.31
20,1013,MMP,SM,600,600,100.00
20,1014,MMTC,EQ,638158,214417,33.60
20,1015,MOHITIND,EQ,6706,6390,95.29
20,1016,MOHOTAIND,EQ,41537,22930,55.20
20,1017,MOIL,EQ,85228,57170,67.08
20,1018,MOLDTECH,EQ,21791,18239,83.70
20,1019,MOLDTKPAC,EQ,39788,34342,86.31
20,1020,MONSANTO,EQ,2761,1255,45.45
20,1021,MONTECARLO,EQ,21031,18254,86.80
20,1022,MORARJEE,EQ,1232,1010,81.98
20,1023,MOREPENLAB,EQ,395141,250583,63.42
20,1024,MOTHERSUMI,EQ,7502159,3372327,44.95
20,1025,MOTILALOFS,EQ,214783,157647,73.40
20,1026,MOTOGENFIN,EQ,601,300,49.92
20,1027,MPHASIS,EQ,236768,120649,50.96
20,1028,MPSLTD,EQ,1460,822,56.30
20,1029,MPTODAY,SM,2000,2000,100.00
20,1030,MRF,EQ,7551,3698,48.97
20,1031,MRO-TEK,EQ,742,726,97.84
20,1032,MRPL,EQ,676602,185828,27.46
20,1033,MSPL,EQ,4502,2500,55.53
20,1034,MTEDUCARE,EQ,7036,5294,75.24
20,1035,MTNL,EQ,2004191,580340,28.96
20,1036,MUKANDENGG,EQ,1080,1031,95.46
20,1037,MUKANDLTD,EQ,107497,14901,13.86
20,1038,MUKTAARTS,EQ,147835,25356,17.15
20,1039,MUNJALAU,EQ,1005958,318358,31.65
20,1040,MUNJALSHOW,EQ,19021,5842,30.71
20,1041,MURUDCERA,EQ,49182,36158,73.52
20,1042,MUTHOOTCAP,EQ,57044,29048,50.92
20,1043,MUTHOOTFIN,EQ,1079351,327937,30.38
20,1044,MVL,EQ,21386,7626,35.66
20,1045,N100,EQ,5011,2780,55.48
20,1046,NABARD,N2,200,200,100.00
20,1047,NACLIND,EQ,34052,24983,73.37
20,1048,NAGAFERT,EQ,672828,265470,39.46
20,1049,NAGAROIL,EQ,653870,311531,47.64
20,1050,NAGREEKCAP,EQ,6931,5120,73.87
20,1051,NAGREEKEXP,EQ,4579,3122,68.18
20,1052,NAHARCAP,EQ,1725,1311,76.00
20,1053,NAHARINDUS,EQ,3677,3117,84.77
20,1054,NAHARPOLY,EQ,1119,685,61.22
20,1055,NAHARSPING,EQ,1619,1152,71.16
20,1056,NATCOPHARM,EQ,145415,59590,40.98
20,1057,NATHBIOGEN,EQ,5229,3016,57.68
20,1058,NATIONALUM,EQ,4668687,2194081,47.00
20,1059,NATNLSTEEL,EQ,37068,24043,64.86
20,1060,NAUKRI,EQ,159969,44610,27.89
20,1061,NAVINFLUOR,EQ,19767,7890,39.92
20,1062,NAVKARCORP,EQ,337779,182221,53.95
20,1063,NAVNETEDUL,EQ,11951,9210,77.06
20,1064,NBCC,EQ,5957647,1381830,23.19
20,1065,NBIFIN,EQ,2,1,50.00
20,1066,NBVENTURES,EQ,127978,87037,68.01
20,1067,NCC,EQ,15029574,3786871,25.20
20,1068,NCLIND,EQ,12749,8029,62.98
20,1069,NDGL,EQ,109,72,66.06
20,1070,NDL,EQ,13049,7242,55.50
20,1071,NDTV,EQ,15497,6885,44.43
20,1072,NECCLTD,EQ,22828,17775,77.86
20,1073,NECLIFE,EQ,41749,36101,86.47
20,1074,NELCAST,EQ,39787,22849,57.43
20,1075,NELCO,EQ,48469,27458,56.65
20,1076,NESCO,EQ,16706,10419,62.37
20,1077,NESTLEIND,EQ,61906,34160,55.18
20,1078,NETF,EQ,55,45,81.82
20,1079,NETWORK18,EQ,174583,70342,40.29
20,1080,NEULANDLAB,EQ,6486,2952,45.51
20,1081,NEWGEN,EQ,19114,11963,62.59
20,1082,NFL,EQ,1414543,437407,30.92
20,1083,NH,EQ,35897,20794,57.93
20,1084,NHAI,N1,3151,2751,87.31
20,1085,NHAI,N2,4037,3469,85.93
20,1086,NHAI,N6,314,287,91.40
20,1087,NHAI,N8,10,10,100.00
20,1088,NHAI,NA,2681,1911,71.28
20,1089,NHAI,NE,300,300,100.00
20,1090,NHBTF2014,N6,120,90,75.00
20,1091,NHPC,EQ,4206762,2108820,50.13
20,1092,NHPC,N5,10,10,100.00
20,1093,NIACL,EQ,86088,35336,41.05
20,1094,NIBL,EQ,3833,2375,61.96
20,1095,NIFTYBEES,EQ,77935,45625,58.54
20,1096,NIFTYEES,EQ,3,3,100.00
20,1097,NIITLTD,EQ,1108230,489026,44.13
20,1098,NIITTECH,EQ,972719,197711,20.33
20,1099,NILAINFRA,EQ,511688,421855,82.44
20,1100,NILASPACES,EQ,769128,283124,36.81
20,1101,NILKAMAL,EQ,15519,6413,41.32
20,1102,NIPPOBATRY,EQ,112,103,91.96
20,1103,NITCO,EQ,80011,32497,40.62
20,1104,NITESHEST,EQ,133406,70396,52.77
20,1105,NITINFIRE,EQ,124781,97253,77.94
20,1106,NITINSPIN,EQ,33828,12843,37.97
20,1107,NKIND,EQ,3303,2301,69.66
20,1108,NLCINDIA,EQ,219521,147295,67.10
20,1109,NMDC,EQ,5332170,1288574,24.17
20,1110,NOCIL,EQ,411702,188359,45.75
20,1111,NOIDATOLL,EQ,40244,36026,89.52
20,1112,NRAIL,EQ,19028,14365,75.49
20,1113,NRBBEARING,EQ,64758,37531,57.96
20,1114,NSIL,EQ,380,318,83.68
20,1115,NTPC,EQ,5916171,3959094,66.92
20,1116,NTPC,N4,50,50,100.00
20,1117,NTPC,N5,25,25,100.00
20,1118,NTPC,N6,283,281,99.29
20,1119,NTPC,N7,16024,13263,82.77
20,1120,NTPC,ND,112,81,72.32
20,1121,NUCLEUS,EQ,4268,2338,54.78
20,1122,NUTEK,EQ,23000,23000,100.00
20,1123,OBEROIRLTY,EQ,666607,352048,52.81
20,1124,OCCL,EQ,7586,3945,52.00
20,1125,OFSS,EQ,27907,15383,55.12
20,1126,OIL,EQ,1423978,847939,59.55
20,1127,OILCOUNTUB,EQ,12651,4135,32.69
20,1128,OISL,EQ,10654,10554,99.06
20,1129,OLECTRA,EQ,132585,45016,33.95
20,1130,OMAXAUTO,EQ,34002,27582,81.12
20,1131,OMAXE,EQ,233490,26016,11.14
20,1132,OMMETALS,EQ,12670,9467,74.72
20,1133,ONEPOINT,SM,12000,12000,100.00
20,1134,ONGC,EQ,5260578,2128361,40.46
20,1135,ONMOBILE,EQ,89214,56103,62.89
20,1136,ONWARDTEC,EQ,3877,3096,79.86
20,1137,OPTIEMUS,EQ,13504,12588,93.22
20,1138,OPTOCIRCUI,EQ,241310,161337,66.86
20,1139,ORBTEXP,EQ,540,445,82.41
20,1140,ORICONENT,EQ,83032,25090,30.22
20,1141,ORIENTABRA,EQ,1830844,1825509,99.71
20,1142,ORIENTALTL,EQ,1352,1264,93.49
20,1143,ORIENTBANK,EQ,8806608,655040,7.44
20,1144,ORIENTBELL,EQ,9413,6082,64.61
20,1145,ORIENTCEM,EQ,18917,13069,69.09
20,1146,ORIENTELEC,EQ,41737,26358,63.15
20,1147,ORIENTHOT,EQ,25266,13726,54.33
20,1148,ORIENTLTD,EQ,3593,851,23.68
20,1149,ORIENTPPR,EQ,581754,350365,60.23
20,1150,ORIENTREF,EQ,9567,5469,57.17
20,1151,ORISSAMINE,EQ,7858,3042,38.71
20,1152,ORTINLABSS,EQ,8397,5965,71.04
20,1153,OSWALAGRO,EQ,13027,11186,85.87
20,1154,PAEL,EQ,150,150,100.00
20,1155,PAGEIND,EQ,48386,21309,44.04
20,1156,PAISALO,EQ,2367,324,13.69
20,1157,PALASHSECU,EQ,2,1,50.00
20,1158,PALREDTEC,EQ,12398,7442,60.03
20,1159,PANACEABIO,EQ,14394,7571,52.60
20,1160,PANACHE,SM,1600,1600,100.00
20,1161,PANAMAPET,EQ,21581,12841,59.50
20,1162,PAPERPROD,EQ,8971,6073,67.70
20,1163,PARACABLES,EQ,79861,58315,73.02
20,1164,PARAGMILK,EQ,197691,105502,53.37
20,1165,PARSVNATH,EQ,97639,56412,57.78
20,1166,PATELENG,EQ,88808,27164,30.59
20,1167,PATINTLOG,EQ,3813,2113,55.42
20,1168,PATSPINLTD,EQ,6627,2478,37.39
20,1169,PBAINFRA,EQ,117,117,100.00
20,1170,PCJEWELLER,EQ,6048011,1046487,17.30
20,1171,PDMJEPAPER,EQ,8684,5894,67.87
20,1172,PDSMFL,EQ,481,468,97.30
20,1173,PEARLPOLY,EQ,2609,1997,76.54
20,1174,PEL,EQ,1071248,278826,26.03
20,1175,PENIND,EQ,107364,70259,65.44
20,1176,PENINLAND,EQ,734992,308782,42.01
20,1177,PENPEBS,EQ,26674,23628,88.58
20,1178,PERSISTENT,EQ,249875,160436,64.21
20,1179,PETRONENGG,EQ,3903,3400,87.11
20,1180,PETRONET,EQ,6930637,3591519,51.82
20,1181,PFC,EQ,5088501,1584847,31.15
20,1182,PFC,N4,25,25,100.00
20,1183,PFC,N8,55,25,45.45
20,1184,PFIZER,EQ,17067,8198,48.03
20,1185,PFOCUS,EQ,5843,3373,57.73
20,1186,PFS,EQ,257764,157492,61.10
20,1187,PGEL,EQ,123971,97337,78.52
20,1188,PGHH,EQ,4569,3764,82.38
20,1189,PGIL,EQ,1035,701,67.73
20,1190,PHILIPCARB,EQ,1607369,494145,30.74
20,1191,PHOENIXLTD,EQ,116523,89403,76.73
20,1192,PIDILITIND,EQ,944639,581391,61.55
20,1193,PIIND,EQ,132967,104050,78.25
20,1194,PIONDIST,EQ,6083,3920,64.44
20,1195,PIONEEREMB,EQ,19064,8441,44.28
20,1196,PITTIENG,EQ,39199,22119,56.43
20,1197,PLASTIBLEN,EQ,488,413,84.63
20,1198,PNB,EQ,25916009,3849114,14.85
20,1199,PNBGILTS,EQ,507562,168943,33.29
20,1200,PNBHOUSING,EQ,98506,53222,54.03
20,1201,PNC,EQ,20570,10895,52.97
20,1202,PNCINFRA,EQ,32627,20648,63.29
20,1203,PODDARHOUS,EQ,2165,102,4.71
20,1204,PODDARMENT,EQ,1308,944,72.17
20,1205,POKARNA,EQ,11423,8379,73.35
20,1206,POLYMED,EQ,4153,1588,38.24
20,1207,POLYPLEX,EQ,4795,2526,52.68
20,1208,PONNIERODE,EQ,2072,1376,66.41
20,1209,POWERGRID,EQ,5329604,2576838,48.35
20,1210,POWERMECH,EQ,2575,2305,89.51
20,1211,PPAP,EQ,5207,3445,66.16
20,1212,PRABHAT,EQ,443290,184659,41.66
20,1213,PRAENG,EQ,9152,7527,82.24
20,1214,PRAJIND,EQ,2493690,477145,19.13
20,1215,PRAKASH,EQ,402643,246434,61.20
20,1216,PRAKASHCON,EQ,62480,39969,63.97
20,1217,PRAKASHSTL,EQ,1424,1374,96.49
20,1218,PRAXIS,EQ,3248,1951,60.07
20,1219,PRECAM,EQ,10884,9254,85.02
20,1220,PRECOT,EQ,6128,5800,94.65
20,1221,PRECWIRE,EQ,3859,2718,70.43
20,1222,PREMEXPLN,EQ,15950,8363,52.43
20,1223,PREMIER,EQ,13497,10351,76.69
20,1224,PREMIERPOL,EQ,1788,550,30.76
20,1225,PRESSMN,EQ,12054,9715,80.60
20,1226,PRESTIGE,EQ,934274,808330,86.52
20,1227,PRICOLLTD,EQ,32085,21699,67.63
20,1228,PRIMESECU,EQ,3898,2533,64.98
20,1229,PROZONINTU,EQ,66785,42739,63.99
20,1230,PRSMJOHNSN,EQ,189329,118552,62.62
20,1231,PSB,EQ,72632,31140,42.87
20,1232,PSL,EQ,123661,114176,92.33
20,1233,PSPPROJECT,EQ,67978,53334,78.46
20,1234,PSUBNKBEES,EQ,2363,1602,67.80
20,1235,PTC,EQ,652198,313639,48.09
20,1236,PTL,EQ,14492,11611,80.12
20,1237,PUNJABCHEM,EQ,924,603,65.26
20,1238,PUNJLLOYD,EQ,1332308,1332308,100.00
20,1239,PURVA,EQ,187580,67747,36.12
20,1240,PUSHPREALM,SM,40000,20000,50.00
20,1241,PVP,EQ,119692,92113,76.96
20,1242,PVR,EQ,858713,232404,27.06
20,1243,QGOLDHALF,EQ,496,225,45.36
20,1244,QUESS,EQ,75457,44117,58.47
20,1245,QUICKHEAL,EQ,57025,24079,42.23
20,1246,RADICO,EQ,647799,364434,56.26
20,1247,RADIOCITY,EQ,9481,6369,67.18
20,1248,RAIN,EQ,577380,260500,45.12
20,1249,RAJESHEXPO,EQ,243162,55165,22.69
20,1250,RAJMET,SM,20000,20000,100.00
20,1251,RAJSREESUG,EQ,1056,906,85.80
20,1252,RAJTV,EQ,681,555,81.50
20,1253,RALLIS,EQ,388924,320902,82.51
20,1254,RAMANEWS,EQ,16972,11183,65.89
20,1255,RAMASTEEL,EQ,12886,6624,51.40
20,1256,RAMCOCEM,EQ,192840,52940,27.45
20,1257,RAMCOIND,EQ,48862,26019,53.25
20,1258,RAMCOSYS,EQ,17682,11898,67.29
20,1259,RAMKY,EQ,25585,16614,64.94
20,1260,RANASUG,EQ,93104,79680,85.58
20,1261,RANEENGINE,EQ,9413,2714,28.83
20,1262,RANEHOLDIN,EQ,2628,1149,43.72
20,1263,RATNAMANI,EQ,19863,16825,84.71
20,1264,RAYMOND,EQ,374709,64979,17.34
20,1265,RBL,EQ,2822,1505,53.33
20,1266,RBLBANK,EQ,642726,255050,39.68
20,1267,RCF,EQ,2900227,791273,27.28
20,1268,RCOM,EQ,56418188,5544985,9.83
20,1269,RECLTD,EQ,3450556,1176427,34.09
20,1270,RECLTD,N1,310,210,67.74
20,1271,RECLTD,N8,41,41,100.00
20,1272,RECLTD,NF,53,53,100.00
20,1273,REDINGTON,EQ,278573,239106,85.83
20,1274,REFEX,EQ,44551,35274,79.18
20,1275,RELAXO,EQ,10751,7405,68.88
20,1276,RELCAPITAL,EQ,5981760,410715,6.87
20,1277,RELCNX100,EQ,155,99,63.87
20,1278,RELCONS,EQ,6155,3502,56.90
20,1279,RELDIVOPP,EQ,42,39,92.86
20,1280,RELIABLE,SM,34000,34000,100.00
20,1281,RELIANCE,EQ,9228965,3715944,40.26
20,1282,RELIGARE,EQ,111077,91806,82.65
20,1283,RELINFRA,EQ,3108550,344870,11.09
20,1284,RELNV20,EQ,435,203,46.67
20,1285,REMSONSIND,EQ,17479,16803,96.13
20,1286,RENUKA,EQ,365074,220419,60.38
20,1287,REPCOHOME,EQ,465797,140947,30.26
20,1288,REPL,SM,48000,6000,12.50
20,1289,REPRO,EQ,562,374,66.55
20,1290,RESPONIND,EQ,104224,13886,13.32
20,1291,REVATHI,EQ,533,505,94.75
20,1292,RHFL,EQ,359976,107926,29.98
20,1293,RHFL,N2,155,155,100.00
20,1294,RHFL,N4,21,21,100.00
20,1295,RHFL,N6,235,235,100.00
20,1296,RICOAUTO,EQ,525188,150630,28.68
20,1297,RIIL,EQ,126473,27124,21.45
20,1298,RITES,EQ,287546,99658,34.66
20,1299,RJL,EQ,4915,4383,89.18
20,1300,RKDL,EQ,3504,2890,82.48
20,1301,RKEC,SM,6000,5000,83.33
20,1302,RKFORGE,EQ,14171,10196,71.95
20,1303,RMCL,EQ,91031,70527,77.48
20,1304,RMDRIP,SM,82000,22000,26.83
20,1305,RML,EQ,4130,2660,64.41
20,1306,RNAM,EQ,564793,30428,5.39
20,1307,RNAVAL,EQ,2524831,1381102,54.70
20,1308,ROHLTD,EQ,7638,4583,60.00
20,1309,ROLLT,EQ,21049,12632,60.01
20,1310,ROLTA,EQ,490902,483307,98.45
20,1311,ROSSELLIND,EQ,7641,5707,74.69
20,1312,RPGLIFE,EQ,4685,2915,62.22
20,1313,RPOWER,EQ,7711767,1486438,19.27
20,1314,RPPINFRA,EQ,13634,1908,13.99
20,1315,RPPL,SM,1000,1000,100.00
20,1316,RRSLGETF,EQ,453,453,100.00
20,1317,RSSOFTWARE,EQ,21530,10298,47.83
20,1318,RSWM,EQ,13877,6603,47.58
20,1319,RSYSTEMS,EQ,23112,19297,83.49
20,1320,RTNINFRA,EQ,284765,231611,81.33
20,1321,RTNPOWER,EQ,723429,408621,56.48
20,1322,RUBYMILLS,EQ,19169,5211,27.18
20,1323,RUCHIRA,EQ,24788,13417,54.13
20,1324,RUPA,EQ,8316,4136,49.74
20,1325,RUSHIL,EQ,1071,653,60.97
20,1326,SABEVENTS,EQ,1010,1010,100.00
20,1327,SABTN,EQ,17472,17472,100.00
20,1328,SADBHAV,EQ,29954,18307,61.12
20,1329,SADBHIN,EQ,91885,55824,60.75
20,1330,SAGARDEEP,EQ,95007,52964,55.75
20,1331,SAGCEM,EQ,2486,1456,58.57
20,1332,SAIL,EQ,11071914,1107629,10.00
20,1333,SAKAR,SM,12000,0,0.00
20,1334,SAKHTISUG,EQ,55972,40243,71.90
20,1335,SAKSOFT,EQ,7417,6178,83.30
20,1336,SAKUMA,EQ,650847,206612,31.75
20,1337,SALASAR,EQ,3311,1766,53.34
20,1338,SALONA,EQ,580,441,76.03
20,1339,SALORAINTL,EQ,30,30,100.00
20,1340,SALSTEEL,EQ,16782,15984,95.24
20,1341,SALZERELEC,EQ,13357,9627,72.07
20,1342,SAMBHAAV,EQ,24388,12204,50.04
20,1343,SANCO,EQ,1853,1777,95.90
20,1344,SANDESH,EQ,838,426,50.84
20,1345,SANDHAR,EQ,42492,22331,52.55
20,1346,SANGAMIND,EQ,7177,5487,76.45
20,1347,SANGHIIND,EQ,45360,24506,54.03
20,1348,SANGHVIFOR,EQ,1,1,100.00
20,1349,SANGHVIMOV,EQ,8175,6523,79.79
20,1350,SANGINITA,SM,40000,40000,100.00
20,1351,SANOFI,EQ,6523,3842,58.90
20,1352,SANWARIA,EQ,1199001,519414,43.32
20,1353,SARDAEN,EQ,19587,9600,49.01
20,1354,SAREGAMA,EQ,12088,9257,76.58
20,1355,SARLAPOLY,EQ,27234,23475,86.20
20,1356,SARVESHWAR,SM,4800,4800,100.00
20,1357,SASKEN,EQ,2691,1215,45.15
20,1358,SASTASUNDR,EQ,2148,1717,79.93
20,1359,SATHAISPAT,EQ,4344,4320,99.45
20,1360,SATIN,EQ,44854,28314,63.12
20,1361,SBIETFQLTY,EQ,14876,13593,91.38
20,1362,SBILIFE,EQ,546770,464042,84.87
20,1363,SBIN,EQ,60015958,12016901,20.02
20,1364,SBIN,N2,3,3,100.00
20,1365,SBIN,N5,240,199,82.92
20,1366,SCAPDVR,EQ,19015,18462,97.09
20,1367,SCHAEFFLER,EQ,1542,609,39.49
20,1368,SCHAND,EQ,22466,13415,59.71
20,1369,SCHNEIDER,EQ,15831,7848,49.57
20,1370,SCI,EQ,212811,83355,39.17
20,1371,SDBL,EQ,24873,14105,56.71
20,1372,SEAMECLTD,EQ,59506,40531,68.11
20,1373,SELAN,EQ,47168,28033,59.43
20,1374,SEPOWER,EQ,796,556,69.85
20,1375,SEQUENT,EQ,909123,322589,35.48
20,1376,SESHAPAPER,EQ,1608,1119,69.59
20,1377,SETCO,EQ,122018,68693,56.30
20,1378,SETFGOLD,EQ,5724,3628,63.38
20,1379,SETFNIF50,EQ,54117,32171,59.45
20,1380,SETFNIFBK,EQ,352150,332287,94.36
20,1381,SETFNN50,EQ,4883,4285,87.75
20,1382,SFL,EQ,1735,1612,92.91
20,1383,SGBAUG24,GB,495,481,97.17
20,1384,SGBDEC2513,GB,2,2,100.00
20,1385,SGBDEC26,GB,6,6,100.00
20,1386,SGBFEB24,GB,103,103,100.00
20,1387,SGBJAN26,GB,1,1,100.00
20,1388,SGBJUL25,GB,164,164,100.00
20,1389,SGBMAR24,GB,11,6,54.55
20,1390,SGBMAR25,GB,161,140,86.96
20,1391,SGBMAY25,GB,213,213,100.00
20,1392,SGBMAY26,GB,11,11,100.00
20,1393,SGBNOV23,GB,135,134,99.26
20,1394,SGBNOV24,GB,441,335,75.96
20,1395,SGBNOV258,GB,5,5,100.00
20,1396,SGBNOV25IX,GB,15,15,100.00
20,1397,SGBNOV25VI,GB,20,20,100.00
20,1398,SGBNOV26,GB,7,7,100.00
20,1399,SGBOCT25IV,GB,13,13,100.00
20,1400,SGBOCT26,GB,16,16,100.00
20,1401,SGBSEP24,GB,121,106,87.60
20,1402,SGL,EQ,4901,3129,63.84
20,1403,SHAHALLOYS,EQ,2022,1839,90.95
20,1404,SHAKTIPUMP,EQ,127911,39297,30.72
20,1405,SHALBY,EQ,12786,9215,72.07
20,1406,SHALPAINTS,EQ,269634,211599,78.48
20,1407,SHANKARA,EQ,106211,55146,51.92
20,1408,SHANTIGEAR,EQ,27738,20628,74.37
20,1409,SHARDACROP,EQ,16816,12260,72.91
20,1410,SHARDAMOTR,EQ,1318,1204,91.35
20,1411,SHARIABEES,EQ,82,64,78.05
20,1412,SHEMAROO,EQ,110846,108902,98.25
20,1413,SHILPAMED,EQ,4964,3690,74.34
20,1414,SHIRPUR-G,EQ,8303,6858,82.60
20,1415,SHIVAMAUTO,EQ,116038,37674,32.47
20,1416,SHIVAMILLS,EQ,1773,650,36.66
20,1417,SHIVATEX,EQ,834,631,75.66
20,1418,SHK,EQ,106621,98029,91.94
20,1419,SHOPERSTOP,EQ,32056,17600,54.90
20,1420,SHRADHA,SM,2000,2000,100.00
20,1421,SHREECEM,EQ,39190,17531,44.73
20,1422,SHREEPUSHK,EQ,35377,13318,37.65
20,1423,SHREERAMA,EQ,10450,8708,83.33
20,1424,SHRENIK,SM,145625,62500,42.92
20,1425,SHREYANIND,EQ,18045,10376,57.50
20,1426,SHREYAS,EQ,5957,3846,64.56
20,1427,SHRIRAMCIT,EQ,99983,97844,97.86
20,1428,SHRIRAMEPC,EQ,72630,50767,69.90
20,1429,SHUBHLAXMI,SM,36000,20000,55.56
20,1430,SHYAMCENT,EQ,7327,5106,69.69
20,1431,SHYAMTEL,EQ,4,4,100.00
20,1432,SICAGEN,EQ,6427,5402,84.05
20,1433,SICAL,EQ,2733,1914,70.03
20,1434,SIEMENS,EQ,236484,76077,32.17
20,1435,SIGIND,EQ,14275,8339,58.42
20,1436,SILINV,EQ,2544,1581,62.15
20,1437,SILLYMONKS,SM,1200,1200,100.00
20,1438,SILVERTUC,SM,25000,24000,96.00
20,1439,SIMBHALS,EQ,3275,2250,68.70
20,1440,SIMPLEXINF,EQ,111139,62070,55.85
20,1441,SINTERCOM,SM,2000,2000,100.00
20,1442,SINTEX,EQ,1220768,561933,46.03
20,1443,SIRCA,SM,5600,3200,57.14
20,1444,SIS,EQ,3859,1510,39.13
20,1445,SITINET,EQ,160339,114920,71.67
20,1446,SIYSIL,EQ,3695,2386,64.57
20,1447,SJVN,EQ,903485,608283,67.33
20,1448,SKFINDIA,EQ,15784,4051,25.67
20,1449,SKIPPER,EQ,17026,10354,60.81
20,1450,SKMEGGPROD,EQ,63102,35619,56.45
20,1451,SKML,SM,2000,2000,100.00
20,1452,SMARTLINK,EQ,1802,1588,88.12
20,1453,SMLISUZU,EQ,8935,3500,39.17
20,1454,SMSLIFE,EQ,28479,11626,40.82
20,1455,SMSPHARMA,EQ,53836,45958,85.37
20,1456,SNOWMAN,EQ,209200,140959,67.38
20,1457,SOBHA,EQ,197936,80380,40.61
20,1458,SOLARA,EQ,60837,41684,68.52
20,1459,SOLARINDS,EQ,7277,4805,66.03
20,1460,SOMANYCERA,EQ,12427,8474,68.19
20,1461,SOMATEX,EQ,10503,9267,88.23
20,1462,SOMICONVEY,EQ,1603,1603,100.00
20,1463,SONATSOFTW,EQ,147318,95690,64.95
20,1464,SORILINFRA,EQ,81769,39218,47.96
20,1465,SOTL,EQ,1053,718,68.19
20,1466,SOUTHBANK,EQ,12649268,2923312,23.11
20,1467,SPAL,EQ,3124,1646,52.69
20,1468,SPARC,EQ,692099,203993,29.47
20,1469,SPECIALITY,EQ,45097,29724,65.91
20,1470,SPIC,EQ,68778,32913,47.85
20,1471,SPICEMOBI,EQ,4319,3923,90.83
20,1472,SPLIL,EQ,51545,41865,81.22
20,1473,SPMLINFRA,EQ,11523,5481,47.57
20,1474,SPTL,EQ,1417599,803945,56.71
20,1475,SQSBFSI,EQ,62815,47112,75.00
20,1476,SREEL,EQ,4784,2639,55.16
20,1477,SREIBNPNCD,NH,120,60,50.00
20,1478,SREIBNPNCD,NP,5,5,100.00
20,1479,SREINFRA,EQ,2541174,525850,20.69
20,1480,SREINFRA,NY,60,60,100.00
20,1481,SREINFRA,NZ,30,30,100.00
20,1482,SREINFRA,Y1,1,1,100.00
20,1483,SREINFRA,Y2,42,30,71.43
20,1484,SREINFRA,Y7,393,293,74.55
20,1485,SREINFRA,Y8,30,30,100.00
20,1486,SREINFRA,YH,1,1,100.00
20,1487,SRF,EQ,335740,56919,16.95
20,1488,SRHHYPOLTD,EQ,2637,1721,65.26
20,1489,SRIPIPES,EQ,40103,28147,70.19
20,1490,SRTRANSFIN,EQ,2001341,819618,40.95
20,1491,SRTRANSFIN,Y6,4,2,50.00
20,1492,SRTRANSFIN,Y8,50,50,100.00
20,1493,SRTRANSFIN,Y9,60,60,100.00
20,1494,SRTRANSFIN,YB,371,371,100.00
20,1495,SRTRANSFIN,YH,100,100,100.00
20,1496,SRTRANSFIN,YI,15,15,100.00
20,1497,SRTRANSFIN,YJ,30,30,100.00
20,1498,SRTRANSFIN,YK,228,136,59.65
20,1499,SRTRANSFIN,YL,27,27,100.00
20,1500,SRTRANSFIN,YR,245,225,91.84
20,1501,SRTRANSFIN,YT,50,50,100.00
20,1502,SSWL,EQ,4613,3616,78.39
20,1503,STAMPEDE,EQ,324287,284286,87.66
20,1504,STAN,DR,1234,1102,89.30
20,1505,STAR,EQ,2506519,602884,24.05
20,1506,STARCEMENT,EQ,22066,10161,46.05
20,1507,STARPAPER,EQ,46702,24320,52.07
20,1508,STCINDIA,EQ,105360,24478,23.23
20,1509,STEELCITY,SM,6000,6000,100.00
20,1510,STEELXIND,EQ,16085,10427,64.82
20,1511,STEL,EQ,2709,2084,76.93
20,1512,STERTOOLS,EQ,9850,3997,40.58
20,1513,STRTECH,EQ,6897702,2838898,41.16
20,1514,SUBEX,EQ,1637661,678025,41.40
20,1515,SUBROS,EQ,27540,15390,55.88
20,1516,SUDARSCHEM,EQ,20256,8818,43.53
20,1517,SUMEETINDS,EQ,89936,76702,85.29
20,1518,SUMMITSEC,EQ,2006,1507,75.12
20,1519,SUNCLAYLTD,EQ,2058,1695,82.36
20,1520,SUNDARAM,EQ,426711,253211,59.34
20,1521,SUNDARMFIN,EQ,109906,104410,95.00
20,1522,SUNDARMHLD,EQ,21229,15698,73.95
20,1523,SUNDRMBRAK,EQ,729,291,39.92
20,1524,SUNDRMFAST,EQ,68587,29279,42.69
20,1525,SUNFLAG,EQ,118100,45432,38.47
20,1526,SUNPHARMA,EQ,3950126,978775,24.78
20,1527,SUNTECK,EQ,422554,214139,50.68
20,1528,SUNTV,EQ,1629734,115513,7.09
20,1529,SUPERHOUSE,EQ,3751,1881,50.15
20,1530,SUPERSPIN,EQ,11327,6527,57.62
20,1531,SUPPETRO,EQ,11897,8792,73.90
20,1532,SUPRAJIT,EQ,18097,12374,68.38
20,1533,SUPREMEENG,SM,4000,4000,100.00
20,1534,SUPREMEIND,EQ,60799,23460,38.59
20,1535,SUPREMEINF,EQ,6741,6736,99.93
20,1536,SURANASOL,EQ,12241,11677,95.39
20,1537,SURANAT&P,EQ,26125,19570,74.91
20,1538,SURYALAXMI,EQ,1639,1519,92.68
20,1539,SURYAROSNI,EQ,76676,27422,35.76
20,1540,SUTLEJTEX,EQ,15242,8528,55.95
20,1541,SUULD,SM,16000,16000,100.00
20,1542,SUVEN,EQ,108582,54222,49.94
20,1543,SUZLON,EQ,34746141,10266919,29.55
20,1544,SVLL,SM,6000,3000,50.00
20,1545,SWANENERGY,EQ,175360,2752,1.57
20,1546,SWARAJENG,EQ,1950,786,40.31
20,1547,SWELECTES,EQ,5199,3669,70.57
20,1548,SYMPHONY,EQ,11216,7163,63.86
20,1549,SYNDIBANK,EQ,6898256,646646,9.37
20,1550,SYNGENE,EQ,53602,35436,66.11
20,1551,TAINWALCHM,EQ,1395,371,26.59
20,1552,TAJGVK,EQ,22927,9880,43.09
20,1553,TAKE,EQ,48999,27676,56.48
20,1554,TALBROAUTO,EQ,5546,3207,57.83
20,1555,TALWALKARS,EQ,86261,44185,51.22
20,1556,TALWGYM,EQ,31299,17433,55.70
20,1557,TANLA,EQ,194072,152371,78.51
20,1558,TARMAT,EQ,6749,4078,60.42
20,1559,TASTYBITE,EQ,2265,1190,52.54
20,1560,TATACHEM,EQ,398868,232921,58.40
20,1561,TATACOFFEE,EQ,142466,68833,48.32
20,1562,TATACOMM,EQ,439432,126228,28.73
20,1563,TATAELXSI,EQ,498559,117560,23.58
20,1564,TATAGLOBAL,EQ,948332,240938,25.41
20,1565,TATAINVEST,EQ,14412,7693,53.38
20,1566,TATAMETALI,EQ,47158,25031,53.08
20,1567,TATAMOTORS,EQ,14931422,3791177,25.39
20,1568,TATAMTRDVR,EQ,2296335,557698,24.29
20,1569,TATAPOWER,EQ,3343602,1352078,40.44
20,1570,TATASPONGE,EQ,58343,16837,28.86
20,1571,TATASTEEL,E1,288900,104845,36.29
20,1572,TATASTEEL,EQ,5015994,1083424,21.60
20,1573,TBZ,EQ,53611,20253,37.78
20,1574,TCFSL,N8,371,371,100.00
20,1575,TCFSL,N9,410,310,75.61
20,1576,TCFSL,NB,698,662,94.84
20,1577,TCFSL,ND,1021,860,84.23
20,1578,TCI,EQ,11631,6804,58.50
20,1579,TCIDEVELOP,EQ,201,154,76.62
20,1580,TCIEXP,EQ,2296,1626,70.82
20,1581,TCIFINANCE,EQ,15201,13655,89.83
20,1582,TCNSBRANDS,EQ,10084,8055,79.88
20,1583,TCPLPACK,EQ,2236,1581,70.71
20,1584,TCS,EQ,3064163,1682369,54.90
20,1585,TDPOWERSYS,EQ,84725,65519,77.33
20,1586,TEAMLEASE,EQ,23420,16454,70.26
20,1587,TECHM,EQ,2260029,938818,41.54
20,1588,TECHNOE,EQ,7399,5703,77.08
20,1589,TECHNOFAB,EQ,1424,661,46.42
20,1590,TEJASNET,EQ,150799,87690,58.15
20,1591,TERASOFT,EQ,31681,22101,69.76
20,1592,TEXINFRA,EQ,10434,5650,54.15
20,1593,TEXMOPIPES,EQ,85833,55799,65.01
20,1594,TEXRAIL,EQ,559363,218617,39.08
20,1595,TFCILTD,EQ,391157,374635,95.78
20,1596,TFL,EQ,6570,5550,84.47
20,1597,TGBHOTELS,EQ,6327,3053,48.25
20,1598,THANGAMAYL,EQ,2393,900,37.61
20,1599,THEINVEST,EQ,2230,1537,68.92
20,1600,THEJO,SM,400,400,100.00
20,1601,THEMISMED,EQ,2584,759,29.37
20,1602,THERMAX,EQ,10647,6452,60.60
20,1603,THOMASCOOK,EQ,127396,85753,67.31
20,1604,THYROCARE,EQ,4260,3401,79.84
20,1605,TI,EQ,23539,15609,66.31
20,1606,TIDEWATER,EQ,327,227,69.42
20,1607,TIFIN,EQ,15521,11632,74.94
20,1608,TIIL,EQ,5941,3847,64.75
20,1609,TIINDIA,EQ,38776,24997,64.47
20,1610,TIJARIA,EQ,58926,31425,53.33
20,1611,TIL,EQ,6478,4275,65.99
20,1612,TIMESGTY,EQ,490,480,97.96
20,1613,TIMETECHNO,EQ,57069,40405,70.80
20,1614,TIMKEN,EQ,10581,6123,57.87
20,1615,TINPLATE,EQ,170660,51977,30.46
20,1616,TIPSINDLTD,EQ,8467,5259,62.11
20,1617,TIRUMALCHM,EQ,312404,176067,56.36
20,1618,TIRUPATI,SM,45000,39000,86.67
20,1619,TITAN,EQ,3424938,1605797,46.89
20,1620,TMRVL,EQ,13059,8608,65.92
20,1621,TNPETRO,EQ,58052,33310,57.38
20,1622,TNPL,EQ,42558,29644,69.66
20,1623,TOKYOPLAST,EQ,18302,16689,91.19
20,1624,TORNTPHARM,EQ,245242,122258,49.85
20,1625,TORNTPOWER,EQ,839941,242464,28.87
20,1626,TOUCHWOOD,SM,3000,3000,100.00
20,1627,TPLPLASTEH,EQ,3139,2115,67.38
20,1628,TREEHOUSE,EQ,17838,10559,59.19
20,1629,TREJHARA,EQ,6960,6711,96.42
20,1630,TRENT,EQ,22701,11704,51.56
20,1631,TRF,EQ,13749,5423,39.44
20,1632,TRIDENT,EQ,323753,119371,36.87
20,1633,TRIGYN,EQ,18913,12319,65.14
20,1634,TRIL,EQ,45355,27050,59.64
20,1635,TRITURBINE,EQ,74246,39252,52.87
20,1636,TRIVENI,EQ,431861,195924,45.37
20,1637,TTKHLTCARE,EQ,2875,1538,53.50
20,1638,TTKPRESTIG,EQ,4506,1901,42.19
20,1639,TTL,EQ,1254,673,53.67
20,1640,TTML,EQ,1122853,563003,50.14
20,1641,TV18BRDCST,EQ,2496185,678182,27.17
20,1642,TVSELECT,EQ,34904,17722,50.77
20,1643,TVSMOTOR,EQ,2508725,380628,15.17
20,1644,TVSSRICHAK,EQ,1405,873,62.14
20,1645,TVTODAY,EQ,14056,9266,65.92
20,1646,TVVISION,EQ,30693,30693,100.00
20,1647,TWL,EQ,926969,257125,27.74
20,1648,UBL,EQ,288391,53204,18.45
20,1649,UCALFUEL,EQ,6068,4501,74.18
20,1650,UCOBANK,EQ,383347,168771,44.03
20,1651,UFLEX,EQ,41132,27219,66.17
20,1652,UFO,EQ,5644,3100,54.93
20,1653,UGARSUGAR,EQ,57263,45251,79.02
20,1654,UJAAS,EQ,207318,118383,57.10
20,1655,UJJIVAN,EQ,1491539,121170,8.12
20,1656,ULTRACEMCO,EQ,745604,472822,63.41
20,1657,UMANGDAIRY,EQ,33581,18738,55.80
20,1658,UNICHEMLAB,EQ,56774,20248,35.66
20,1659,UNIENTER,EQ,5969,4800,80.42
20,1660,UNIINFO,SM,26000,2000,7.69
20,1661,UNIONBANK,EQ,10592499,2867991,27.08
20,1662,UNIPLY,EQ,42082,28875,68.62
20,1663,UNITEDBNK,EQ,324022,193853,59.83
20,1664,UNITEDTEA,EQ,1817,1292,71.11
20,1665,UNIVASTU,SM,6000,6000,100.00
20,1666,UNIVCABLES,EQ,48403,26635,55.03
20,1667,UPL,EQ,2960388,622495,21.03
20,1668,URJA,EQ,1531795,729932,47.65
20,1669,USHAMART,EQ,214338,117324,54.74
20,1670,UTIFEFRGR4,MF,34831,34831,100.00
20,1671,UTINEXT50,EQ,318,179,56.29
20,1672,UTINIFTETF,EQ,98,60,61.22
20,1673,UTISENSETF,EQ,266,241,90.60
20,1674,UTTAMSTL,EQ,659772,469297,71.13
20,1675,UTTAMSUGAR,EQ,22481,10685,47.53
20,1676,V2RETAIL,EQ,22402,14417,64.36
20,1677,VADILALIND,EQ,7423,5087,68.53
20,1678,VAIBHAVGBL,EQ,53819,47920,89.04
20,1679,VAISHALI,SM,1600,1600,100.00
20,1680,VAKRANGEE,EQ,594701,594701,100.00
20,1681,VARDHACRLC,EQ,3042,2564,84.29
20,1682,VARDMNPOLY,EQ,1570,1540,98.09
20,1683,VARROC,EQ,6772,3661,54.06
20,1684,VASCONEQ,EQ,135163,67706,50.09
20,1685,VASWANI,EQ,1337,787,58.86
20,1686,VBL,EQ,97615,67140,68.78
20,1687,VEDL,EQ,98562137,28068376,28.48
20,1688,VENKEYS,EQ,657744,121231,18.43
20,1689,VENUSREM,EQ,7192,4536,63.07
20,1690,VERTOZ,SM,18000,1200,6.67
20,1691,VESUVIUS,EQ,525,360,68.57
20,1692,VETO,EQ,10155,8046,79.23
20,1693,VGUARD,EQ,1251284,453754,36.26
20,1694,VHL,EQ,325,197,60.62
20,1695,VIDHIING,EQ,10684,7205,67.44
20,1696,VIJAYABANK,EQ,3468270,2034518,58.66
20,1697,VIJIFIN,EQ,22117,22117,100.00
20,1698,VIKASECO,EQ,993198,371826,37.44
20,1699,VIMTALABS,EQ,31650,21705,68.58
20,1700,VINATIORGA,EQ,12942,7318,56.54
20,1701,VINDHYATEL,EQ,4208,2611,62.05
20,1702,VINNY,SM,3000,3000,100.00
20,1703,VINYLINDIA,EQ,10837,9488,87.55
20,1704,VIPCLOTHNG,EQ,73409,43130,58.75
20,1705,VIPIND,EQ,351663,186467,53.02
20,1706,VIPULLTD,EQ,49388,29393,59.51
20,1707,VISAKAIND,EQ,20284,10560,52.06
20,1708,VISASTEEL,EQ,17728,14349,80.94
20,1709,VISHNU,EQ,1901,1465,77.06
20,1710,VIVIDHA,EQ,1796798,1190553,66.26
20,1711,VIVIMEDLAB,EQ,165690,95261,57.49
20,1712,VLSFINANCE,EQ,8341,5391,64.63
20,1713,VMART,EQ,20248,13434,66.35
20,1714,VOLTAMP,EQ,3215,1443,44.88
20,1715,VOLTAS,EQ,1915869,725652,37.88
20,1716,VRLLOG,EQ,14294,6740,47.15
20,1717,VSSL,EQ,3362,2169,64.52
20,1718,VSTIND,EQ,3451,2967,85.98
20,1719,VSTTILLERS,EQ,3063,1630,53.22
20,1720,VTL,EQ,6932,5486,79.14
20,1721,WABAG,EQ,98891,48993,49.54
20,1722,WABCOINDIA,EQ,2175,1406,64.64
20,1723,WALCHANNAG,EQ,225795,59616,26.40
20,1724,WEBELSOLAR,EQ,123767,73731,59.57
20,1725,WEIZFOREX,EQ,3419,2659,77.77
20,1726,WEIZMANIND,EQ,2228,1651,74.10
20,1727,WELCORP,EQ,493260,240923,48.84
20,1728,WELENT,EQ,228026,86413,37.90
20,1729,WELINV,EQ,1625,302,18.58
20,1730,WELSPUNIND,EQ,242211,98279,40.58
20,1731,WENDT,EQ,226,125,55.31
20,1732,WHEELS,EQ,3033,1539,50.74
20,1733,WHIRLPOOL,EQ,50676,35384,69.82
20,1734,WILLAMAGOR,EQ,7695,4340,56.40
20,1735,WINDMACHIN,EQ,117909,3097,2.63
20,1736,WIPRO,EQ,3366604,1361598,40.44
20,1737,WOCKPHARMA,EQ,805950,152418,18.91
20,1738,WONDERLA,EQ,24171,18295,75.69
20,1739,WORTH,SM,1500,1500,100.00
20,1740,WSTCSTPAPR,EQ,100770,73904,73.34
20,1741,XCHANGING,EQ,9330,5263,56.41
20,1742,XPROINDIA,EQ,1928,1828,94.81
20,1743,YESBANK,EQ,66597684,17458912,26.22
20,1744,ZEEL,EQ,24540656,9803276,39.95
20,1745,ZEEL,P2,4108146,4108143,100.00
20,1746,ZEELEARN,EQ,291086,171383,58.88
20,1747,ZEEMEDIA,EQ,9021185,4982055,55.23
20,1748,ZENITHEXPO,EQ,330,161,48.79
20,1749,ZENSARTECH,EQ,60817,41553,68.32
20,1750,ZENTEC,EQ,29866,18158,60.80
20,1751,ZICOM,EQ,23007,13759,59.80
20,1752,ZODIACLOTH,EQ,23585,21918,92.93
20,1753,ZODJRDMKJ,EQ,1383,1204,87.06
20,1754,ZOTA,SM,10000,0,0.00
20,1755,ZUARI,EQ,35149,13835,39.36
20,1756,ZUARIGLOB,EQ,17630,10179,57.74
20,1757,ZYDUSWELL,EQ,7292,4906,67.28
